BusID,PassengerID,Name,Gender,Age,Profession,DepartureTime,ArrivalTime,TicketPrice,DepartureStation,ArrivalStation
1,1,Ali Malik,Female,32,Engineer,27-10-24 4:45,27-10-24 7:00,1550,Lahore,Faisalabad
1,2,Sara Jutt,Female,62,Doctor,27-10-24 4:45,27-10-24 7:00,1550,Lahore,Faisalabad
1,3,Sara Bhatti,Female,10,Student,27-10-24 4:45,27-10-24 7:00,1550,Lahore,Faisalabad
1,4,Fatima Sheikh,Female,20,Student,27-10-24 4:45,27-10-24 7:00,1550,Lahore,Faisalabad
1,5,Zain Bhatti,Female,27,Businessperson,27-10-24 4:45,27-10-24 7:00,1550,Faisalabad,Lahore
1,6,Ali Jutt,Male,66,Student,27-10-24 4:45,27-10-24 7:00,1550,Lahore,Faisalabad
1,7,Fatima Bhatti,Female,54,Student,27-10-24 4:45,27-10-24 7:00,1550,Faisalabad,Lahore
1,8,Ali Khan,Male,55,Businessperson,27-10-24 4:45,27-10-24 7:00,1550,Lahore,Faisalabad
1,9,Sara Khan,Male,37,Teacher,27-10-24 4:45,27-10-24 7:00,1550,Lahore,Faisalabad
1,10,Ahmed Sheikh,Male,55,Teacher,27-10-24 4:45,27-10-24 7:00,1550,Lahore,Faisalabad
1,11,Sara Khan,Female,29,Student,27-10-24 4:45,27-10-24 7:00,1550,Faisalabad,Lahore
1,12,Zain Sheikh,Female,62,Doctor,27-10-24 4:45,27-10-24 7:00,1550,Lahore,Faisalabad
1,13,Fatima Malik,Female,7,Businessperson,27-10-24 4:45,27-10-24 7:00,1550,Lahore,Faisalabad
1,14,Ahmed Jutt,Female,25,Businessperson,27-10-24 4:45,27-10-24 7:00,1550,Lahore,Faisalabad
1,15,Ali Sheikh,Female,22,Doctor,27-10-24 4:45,27-10-24 7:00,1550,Lahore,Faisalabad
1,16,Ahmed Sheikh,Male,65,Teacher,27-10-24 4:45,27-10-24 7:00,1550,Lahore,Faisalabad
1,17,Fatima Bhatti,Female,12,Teacher,27-10-24 4:45,27-10-24 7:00,1550,Faisalabad,Lahore
1,18,Ali Bhatti,Male,29,Teacher,27-10-24 4:45,27-10-24 7:00,1550,Faisalabad,Lahore
1,19,Sara Bhatti,Female,21,Student,27-10-24 4:45,27-10-24 7:00,1550,Lahore,Faisalabad
1,20,Zain Sheikh,Male,72,Doctor,27-10-24 4:45,27-10-24 7:00,1550,Lahore,Faisalabad
1,21,Ali Malik,Female,66,Student,27-10-24 4:45,27-10-24 7:00,1550,Faisalabad,Lahore
1,22,Ali Bhatti,Male,10,Teacher,27-10-24 4:45,27-10-24 7:00,1550,Faisalabad,Lahore
1,23,Sara Bhatti,Female,37,Student,27-10-24 4:45,27-10-24 7:00,1550,Faisalabad,Lahore
1,24,Fatima Bhatti,Male,53,Teacher,27-10-24 4:45,27-10-24 7:00,1550,Faisalabad,Lahore
1,25,Ali Khan,Male,17,Teacher,27-10-24 4:45,27-10-24 7:00,1550,Faisalabad,Lahore
1,26,Zain Malik,Female,6,Doctor,27-10-24 4:45,27-10-24 7:00,1550,Lahore,Faisalabad
1,27,Fatima Bhatti,Female,74,Teacher,27-10-24 4:45,27-10-24 7:00,1550,Lahore,Faisalabad
1,28,Ali Sheikh,Male,48,Doctor,27-10-24 4:45,27-10-24 7:00,1550,Lahore,Faisalabad
1,29,Zain Khan,Female,23,Student,27-10-24 4:45,27-10-24 7:00,1550,Faisalabad,Lahore
1,30,Ali Malik,Female,78,Engineer,27-10-24 4:45,27-10-24 7:00,1550,Lahore,Faisalabad
1,31,Ali Sheikh,Male,39,Teacher,27-10-24 4:45,27-10-24 7:00,1550,Lahore,Faisalabad
1,32,Ali Malik,Female,61,Teacher,27-10-24 4:45,27-10-24 7:00,1550,Lahore,Faisalabad
1,33,Ali Bhatti,Female,49,Student,27-10-24 4:45,27-10-24 7:00,1550,Faisalabad,Lahore
1,34,Zain Bhatti,Female,69,Teacher,27-10-24 4:45,27-10-24 7:00,1550,Lahore,Faisalabad
1,35,Zain Sheikh,Female,61,Student,27-10-24 4:45,27-10-24 7:00,1550,Lahore,Faisalabad
1,36,Sara Khan,Female,79,Teacher,27-10-24 4:45,27-10-24 7:00,1550,Lahore,Faisalabad
1,37,Ahmed Bhatti,Female,57,Businessperson,27-10-24 4:45,27-10-24 7:00,1550,Faisalabad,Lahore
1,38,Ali Jutt,Female,15,Student,27-10-24 4:45,27-10-24 7:00,1550,Faisalabad,Lahore
1,39,Ahmed Jutt,Female,25,Businessperson,27-10-24 4:45,27-10-24 7:00,1550,Faisalabad,Lahore
1,40,Ahmed Bhatti,Female,27,Teacher,27-10-24 4:45,27-10-24 7:00,1550,Faisalabad,Lahore
1,41,Ali Bhatti,Female,58,Teacher,27-10-24 4:45,27-10-24 7:00,1550,Lahore,Faisalabad
1,42,Ali Jutt,Female,70,Doctor,27-10-24 4:45,27-10-24 7:00,1550,Faisalabad,Lahore
1,43,Zain Malik,Male,11,Student,27-10-24 4:45,27-10-24 7:00,1550,Faisalabad,Lahore
1,44,Fatima Malik,Male,10,Doctor,27-10-24 4:45,27-10-24 7:00,1550,Faisalabad,Lahore
2,45,Zain Bhatti,Female,51,Businessperson,27-10-24 7:30,27-10-24 9:45,1550,Faisalabad,Lahore
2,46,Sara Malik,Male,78,Doctor,27-10-24 7:30,27-10-24 9:45,1550,Faisalabad,Lahore
2,47,Ahmed Sheikh,Female,46,Doctor,27-10-24 7:30,27-10-24 9:45,1550,Lahore,Faisalabad
2,48,Zain Jutt,Male,38,Teacher,27-10-24 7:30,27-10-24 9:45,1550,Faisalabad,Lahore
2,49,Zain Bhatti,Male,41,Teacher,27-10-24 7:30,27-10-24 9:45,1550,Faisalabad,Lahore
2,50,Ahmed Sheikh,Male,51,Businessperson,27-10-24 7:30,27-10-24 9:45,1550,Faisalabad,Lahore
2,51,Ahmed Khan,Female,69,Teacher,27-10-24 7:30,27-10-24 9:45,1550,Faisalabad,Lahore
2,52,Ali Khan,Female,39,Student,27-10-24 7:30,27-10-24 9:45,1550,Faisalabad,Lahore
2,53,Ahmed Sheikh,Male,65,Student,27-10-24 7:30,27-10-24 9:45,1550,Lahore,Faisalabad
2,54,Ali Sheikh,Male,17,Teacher,27-10-24 7:30,27-10-24 9:45,1550,Lahore,Faisalabad
2,55,Zain Khan,Female,62,Doctor,27-10-24 7:30,27-10-24 9:45,1550,Lahore,Faisalabad
2,56,Ali Bhatti,Female,42,Engineer,27-10-24 7:30,27-10-24 9:45,1550,Faisalabad,Lahore
2,57,Zain Malik,Male,69,Engineer,27-10-24 7:30,27-10-24 9:45,1550,Lahore,Faisalabad
2,58,Sara Khan,Male,48,Businessperson,27-10-24 7:30,27-10-24 9:45,1550,Faisalabad,Lahore
2,59,Zain Khan,Male,68,Engineer,27-10-24 7:30,27-10-24 9:45,1550,Faisalabad,Lahore
2,60,Ali Sheikh,Male,74,Engineer,27-10-24 7:30,27-10-24 9:45,1550,Lahore,Faisalabad
2,61,Ali Jutt,Male,38,Businessperson,27-10-24 7:30,27-10-24 9:45,1550,Lahore,Faisalabad
2,62,Sara Malik,Male,38,Engineer,27-10-24 7:30,27-10-24 9:45,1550,Faisalabad,Lahore
2,63,Ali Malik,Male,76,Teacher,27-10-24 7:30,27-10-24 9:45,1550,Faisalabad,Lahore
2,64,Sara Malik,Male,79,Engineer,27-10-24 7:30,27-10-24 9:45,1550,Lahore,Faisalabad
2,65,Ahmed Jutt,Female,76,Businessperson,27-10-24 7:30,27-10-24 9:45,1550,Faisalabad,Lahore
2,66,Zain Jutt,Male,7,Teacher,27-10-24 7:30,27-10-24 9:45,1550,Faisalabad,Lahore
2,67,Zain Bhatti,Male,72,Student,27-10-24 7:30,27-10-24 9:45,1550,Faisalabad,Lahore
2,68,Sara Sheikh,Female,17,Engineer,27-10-24 7:30,27-10-24 9:45,1550,Faisalabad,Lahore
2,69,Fatima Sheikh,Male,47,Teacher,27-10-24 7:30,27-10-24 9:45,1550,Lahore,Faisalabad
2,70,Ali Bhatti,Male,19,Student,27-10-24 7:30,27-10-24 9:45,1550,Faisalabad,Lahore
2,71,Ali Bhatti,Female,39,Engineer,27-10-24 7:30,27-10-24 9:45,1550,Faisalabad,Lahore
2,72,Ahmed Bhatti,Female,26,Teacher,27-10-24 7:30,27-10-24 9:45,1550,Lahore,Faisalabad
2,73,Ahmed Malik,Male,28,Teacher,27-10-24 7:30,27-10-24 9:45,1550,Faisalabad,Lahore
2,74,Zain Jutt,Female,13,Doctor,27-10-24 7:30,27-10-24 9:45,1550,Faisalabad,Lahore
2,75,Sara Sheikh,Male,30,Engineer,27-10-24 7:30,27-10-24 9:45,1550,Lahore,Faisalabad
2,76,Sara Bhatti,Female,17,Engineer,27-10-24 7:30,27-10-24 9:45,1550,Faisalabad,Lahore
2,77,Sara Malik,Female,46,Doctor,27-10-24 7:30,27-10-24 9:45,1550,Lahore,Faisalabad
2,78,Ahmed Khan,Female,46,Doctor,27-10-24 7:30,27-10-24 9:45,1550,Lahore,Faisalabad
2,79,Fatima Sheikh,Male,43,Businessperson,27-10-24 7:30,27-10-24 9:45,1550,Faisalabad,Lahore
2,80,Fatima Bhatti,Female,52,Businessperson,27-10-24 7:30,27-10-24 9:45,1550,Faisalabad,Lahore
2,81,Ahmed Malik,Male,16,Engineer,27-10-24 7:30,27-10-24 9:45,1550,Faisalabad,Lahore
2,82,Ahmed Jutt,Male,11,Teacher,27-10-24 7:30,27-10-24 9:45,1550,Faisalabad,Lahore
2,83,Ali Sheikh,Male,20,Doctor,27-10-24 7:30,27-10-24 9:45,1550,Lahore,Faisalabad
2,84,Ali Bhatti,Male,23,Teacher,27-10-24 7:30,27-10-24 9:45,1550,Lahore,Faisalabad
2,85,Fatima Sheikh,Male,10,Businessperson,27-10-24 7:30,27-10-24 9:45,1550,Faisalabad,Lahore
2,86,Sara Bhatti,Male,20,Businessperson,27-10-24 7:30,27-10-24 9:45,1550,Faisalabad,Lahore
2,87,Sara Khan,Female,10,Doctor,27-10-24 7:30,27-10-24 9:45,1550,Faisalabad,Lahore
2,88,Fatima Khan,Male,72,Doctor,27-10-24 7:30,27-10-24 9:45,1550,Lahore,Faisalabad
3,89,Fatima Jutt,Male,38,Student,27-10-24 10:15,27-10-24 12:30,1550,Lahore,Faisalabad
3,90,Ahmed Malik,Female,46,Student,27-10-24 10:15,27-10-24 12:30,1550,Faisalabad,Lahore
3,91,Ahmed Jutt,Female,20,Doctor,27-10-24 10:15,27-10-24 12:30,1550,Faisalabad,Lahore
3,92,Fatima Sheikh,Male,49,Businessperson,27-10-24 10:15,27-10-24 12:30,1550,Lahore,Faisalabad
3,93,Ahmed Sheikh,Female,29,Doctor,27-10-24 10:15,27-10-24 12:30,1550,Faisalabad,Lahore
3,94,Sara Malik,Male,39,Student,27-10-24 10:15,27-10-24 12:30,1550,Lahore,Faisalabad
3,95,Fatima Khan,Male,67,Student,27-10-24 10:15,27-10-24 12:30,1550,Lahore,Faisalabad
3,96,Zain Jutt,Male,73,Teacher,27-10-24 10:15,27-10-24 12:30,1550,Faisalabad,Lahore
3,97,Sara Jutt,Male,13,Student,27-10-24 10:15,27-10-24 12:30,1550,Faisalabad,Lahore
3,98,Ahmed Malik,Female,53,Doctor,27-10-24 10:15,27-10-24 12:30,1550,Faisalabad,Lahore
3,99,Zain Malik,Male,56,Engineer,27-10-24 10:15,27-10-24 12:30,1550,Lahore,Faisalabad
3,100,Fatima Malik,Male,41,Teacher,27-10-24 10:15,27-10-24 12:30,1550,Faisalabad,Lahore
3,101,Sara Bhatti,Male,48,Student,27-10-24 10:15,27-10-24 12:30,1550,Faisalabad,Lahore
3,102,Zain Jutt,Male,70,Student,27-10-24 10:15,27-10-24 12:30,1550,Lahore,Faisalabad
3,103,Ali Jutt,Female,22,Doctor,27-10-24 10:15,27-10-24 12:30,1550,Lahore,Faisalabad
3,104,Ali Khan,Male,61,Student,27-10-24 10:15,27-10-24 12:30,1550,Lahore,Faisalabad
3,105,Zain Bhatti,Female,15,Businessperson,27-10-24 10:15,27-10-24 12:30,1550,Faisalabad,Lahore
3,106,Sara Jutt,Female,12,Doctor,27-10-24 10:15,27-10-24 12:30,1550,Faisalabad,Lahore
3,107,Ali Bhatti,Female,74,Teacher,27-10-24 10:15,27-10-24 12:30,1550,Lahore,Faisalabad
3,108,Fatima Sheikh,Female,31,Doctor,27-10-24 10:15,27-10-24 12:30,1550,Faisalabad,Lahore
3,109,Zain Sheikh,Male,64,Teacher,27-10-24 10:15,27-10-24 12:30,1550,Faisalabad,Lahore
3,110,Ahmed Khan,Male,15,Businessperson,27-10-24 10:15,27-10-24 12:30,1550,Lahore,Faisalabad
3,111,Ahmed Malik,Male,30,Businessperson,27-10-24 10:15,27-10-24 12:30,1550,Lahore,Faisalabad
3,112,Zain Khan,Male,43,Engineer,27-10-24 10:15,27-10-24 12:30,1550,Faisalabad,Lahore
3,113,Sara Khan,Male,51,Student,27-10-24 10:15,27-10-24 12:30,1550,Faisalabad,Lahore
3,114,Ahmed Sheikh,Female,58,Businessperson,27-10-24 10:15,27-10-24 12:30,1550,Faisalabad,Lahore
3,115,Ahmed Malik,Male,69,Businessperson,27-10-24 10:15,27-10-24 12:30,1550,Faisalabad,Lahore
3,116,Ali Khan,Male,15,Teacher,27-10-24 10:15,27-10-24 12:30,1550,Lahore,Faisalabad
3,117,Ali Jutt,Male,40,Businessperson,27-10-24 10:15,27-10-24 12:30,1550,Lahore,Faisalabad
3,118,Ahmed Jutt,Female,58,Teacher,27-10-24 10:15,27-10-24 12:30,1550,Lahore,Faisalabad
3,119,Sara Sheikh,Male,58,Student,27-10-24 10:15,27-10-24 12:30,1550,Faisalabad,Lahore
3,120,Ahmed Malik,Male,65,Teacher,27-10-24 10:15,27-10-24 12:30,1550,Faisalabad,Lahore
3,121,Ahmed Khan,Male,30,Businessperson,27-10-24 10:15,27-10-24 12:30,1550,Faisalabad,Lahore
3,122,Zain Jutt,Male,68,Businessperson,27-10-24 10:15,27-10-24 12:30,1550,Faisalabad,Lahore
3,123,Sara Sheikh,Female,9,Businessperson,27-10-24 10:15,27-10-24 12:30,1550,Lahore,Faisalabad
3,124,Ali Khan,Female,15,Student,27-10-24 10:15,27-10-24 12:30,1550,Lahore,Faisalabad
3,125,Fatima Jutt,Male,28,Engineer,27-10-24 10:15,27-10-24 12:30,1550,Faisalabad,Lahore
3,126,Fatima Jutt,Male,6,Businessperson,27-10-24 10:15,27-10-24 12:30,1550,Lahore,Faisalabad
3,127,Ahmed Khan,Male,63,Doctor,27-10-24 10:15,27-10-24 12:30,1550,Lahore,Faisalabad
3,128,Sara Bhatti,Female,72,Doctor,27-10-24 10:15,27-10-24 12:30,1550,Lahore,Faisalabad
3,129,Ali Malik,Male,33,Doctor,27-10-24 10:15,27-10-24 12:30,1550,Lahore,Faisalabad
3,130,Sara Jutt,Female,18,Student,27-10-24 10:15,27-10-24 12:30,1550,Lahore,Faisalabad
3,131,Ahmed Sheikh,Female,5,Doctor,27-10-24 10:15,27-10-24 12:30,1550,Lahore,Faisalabad
3,132,Zain Jutt,Male,67,Businessperson,27-10-24 10:15,27-10-24 12:30,1550,Lahore,Faisalabad
4,133,Ali Jutt,Female,71,Teacher,27-10-24 13:00,27-10-24 15:15,1550,Faisalabad,Lahore
4,134,Fatima Bhatti,Male,60,Teacher,27-10-24 13:00,27-10-24 15:15,1550,Faisalabad,Lahore
4,135,Ahmed Sheikh,Male,67,Student,27-10-24 13:00,27-10-24 15:15,1550,Faisalabad,Lahore
4,136,Ali Khan,Male,63,Engineer,27-10-24 13:00,27-10-24 15:15,1550,Lahore,Faisalabad
4,137,Fatima Jutt,Male,34,Student,27-10-24 13:00,27-10-24 15:15,1550,Faisalabad,Lahore
4,138,Sara Jutt,Male,29,Businessperson,27-10-24 13:00,27-10-24 15:15,1550,Lahore,Faisalabad
4,139,Fatima Malik,Male,59,Teacher,27-10-24 13:00,27-10-24 15:15,1550,Faisalabad,Lahore
4,140,Zain Jutt,Male,15,Businessperson,27-10-24 13:00,27-10-24 15:15,1550,Faisalabad,Lahore
4,141,Ahmed Khan,Female,34,Businessperson,27-10-24 13:00,27-10-24 15:15,1550,Lahore,Faisalabad
4,142,Ali Khan,Male,71,Doctor,27-10-24 13:00,27-10-24 15:15,1550,Faisalabad,Lahore
4,143,Zain Bhatti,Male,76,Engineer,27-10-24 13:00,27-10-24 15:15,1550,Lahore,Faisalabad
4,144,Ali Malik,Female,72,Student,27-10-24 13:00,27-10-24 15:15,1550,Faisalabad,Lahore
4,145,Fatima Malik,Female,53,Student,27-10-24 13:00,27-10-24 15:15,1550,Lahore,Faisalabad
4,146,Ali Malik,Male,37,Engineer,27-10-24 13:00,27-10-24 15:15,1550,Lahore,Faisalabad
4,147,Fatima Malik,Female,50,Teacher,27-10-24 13:00,27-10-24 15:15,1550,Lahore,Faisalabad
4,148,Ahmed Bhatti,Male,60,Teacher,27-10-24 13:00,27-10-24 15:15,1550,Lahore,Faisalabad
4,149,Ahmed Sheikh,Female,20,Student,27-10-24 13:00,27-10-24 15:15,1550,Lahore,Faisalabad
4,150,Zain Khan,Male,69,Businessperson,27-10-24 13:00,27-10-24 15:15,1550,Lahore,Faisalabad
4,151,Zain Malik,Male,47,Engineer,27-10-24 13:00,27-10-24 15:15,1550,Lahore,Faisalabad
4,152,Fatima Sheikh,Female,36,Engineer,27-10-24 13:00,27-10-24 15:15,1550,Lahore,Faisalabad
4,153,Ahmed Malik,Male,26,Businessperson,27-10-24 13:00,27-10-24 15:15,1550,Faisalabad,Lahore
4,154,Fatima Jutt,Female,14,Businessperson,27-10-24 13:00,27-10-24 15:15,1550,Lahore,Faisalabad
4,155,Ahmed Sheikh,Male,57,Student,27-10-24 13:00,27-10-24 15:15,1550,Faisalabad,Lahore
4,156,Fatima Khan,Female,53,Student,27-10-24 13:00,27-10-24 15:15,1550,Faisalabad,Lahore
4,157,Ali Jutt,Female,18,Doctor,27-10-24 13:00,27-10-24 15:15,1550,Faisalabad,Lahore
4,158,Sara Malik,Female,57,Teacher,27-10-24 13:00,27-10-24 15:15,1550,Lahore,Faisalabad
4,159,Fatima Sheikh,Male,24,Teacher,27-10-24 13:00,27-10-24 15:15,1550,Lahore,Faisalabad
4,160,Fatima Bhatti,Male,17,Engineer,27-10-24 13:00,27-10-24 15:15,1550,Faisalabad,Lahore
4,161,Sara Malik,Male,28,Engineer,27-10-24 13:00,27-10-24 15:15,1550,Faisalabad,Lahore
4,162,Ahmed Sheikh,Male,7,Doctor,27-10-24 13:00,27-10-24 15:15,1550,Lahore,Faisalabad
4,163,Fatima Khan,Male,75,Teacher,27-10-24 13:00,27-10-24 15:15,1550,Faisalabad,Lahore
4,164,Sara Sheikh,Male,71,Student,27-10-24 13:00,27-10-24 15:15,1550,Lahore,Faisalabad
4,165,Zain Bhatti,Female,53,Student,27-10-24 13:00,27-10-24 15:15,1550,Faisalabad,Lahore
4,166,Ahmed Malik,Female,61,Engineer,27-10-24 13:00,27-10-24 15:15,1550,Lahore,Faisalabad
4,167,Ali Khan,Male,41,Doctor,27-10-24 13:00,27-10-24 15:15,1550,Lahore,Faisalabad
4,168,Sara Khan,Male,39,Doctor,27-10-24 13:00,27-10-24 15:15,1550,Lahore,Faisalabad
4,169,Ahmed Malik,Male,42,Businessperson,27-10-24 13:00,27-10-24 15:15,1550,Faisalabad,Lahore
4,170,Zain Sheikh,Female,31,Teacher,27-10-24 13:00,27-10-24 15:15,1550,Faisalabad,Lahore
4,171,Sara Malik,Female,39,Engineer,27-10-24 13:00,27-10-24 15:15,1550,Lahore,Faisalabad
4,172,Fatima Bhatti,Male,65,Businessperson,27-10-24 13:00,27-10-24 15:15,1550,Lahore,Faisalabad
4,173,Ahmed Bhatti,Male,35,Doctor,27-10-24 13:00,27-10-24 15:15,1550,Faisalabad,Lahore
4,174,Ali Malik,Male,60,Engineer,27-10-24 13:00,27-10-24 15:15,1550,Faisalabad,Lahore
4,175,Ahmed Sheikh,Male,22,Businessperson,27-10-24 13:00,27-10-24 15:15,1550,Faisalabad,Lahore
4,176,Sara Bhatti,Male,19,Businessperson,27-10-24 13:00,27-10-24 15:15,1550,Faisalabad,Lahore
5,177,Zain Sheikh,Male,17,Engineer,27-10-24 15:45,27-10-24 18:00,1550,Faisalabad,Lahore
5,178,Sara Sheikh,Male,75,Businessperson,27-10-24 15:45,27-10-24 18:00,1550,Faisalabad,Lahore
5,179,Ali Malik,Female,42,Student,27-10-24 15:45,27-10-24 18:00,1550,Lahore,Faisalabad
5,180,Ali Sheikh,Male,29,Teacher,27-10-24 15:45,27-10-24 18:00,1550,Lahore,Faisalabad
5,181,Ahmed Jutt,Female,69,Doctor,27-10-24 15:45,27-10-24 18:00,1550,Lahore,Faisalabad
5,182,Ali Bhatti,Female,21,Businessperson,27-10-24 15:45,27-10-24 18:00,1550,Faisalabad,Lahore
5,183,Fatima Jutt,Male,47,Teacher,27-10-24 15:45,27-10-24 18:00,1550,Faisalabad,Lahore
5,184,Zain Bhatti,Female,9,Student,27-10-24 15:45,27-10-24 18:00,1550,Lahore,Faisalabad
5,185,Ali Bhatti,Female,42,Engineer,27-10-24 15:45,27-10-24 18:00,1550,Faisalabad,Lahore
5,186,Ahmed Bhatti,Female,78,Student,27-10-24 15:45,27-10-24 18:00,1550,Lahore,Faisalabad
5,187,Ali Malik,Female,75,Doctor,27-10-24 15:45,27-10-24 18:00,1550,Faisalabad,Lahore
5,188,Fatima Sheikh,Male,32,Teacher,27-10-24 15:45,27-10-24 18:00,1550,Lahore,Faisalabad
5,189,Sara Sheikh,Female,37,Student,27-10-24 15:45,27-10-24 18:00,1550,Lahore,Faisalabad
5,190,Zain Malik,Male,35,Businessperson,27-10-24 15:45,27-10-24 18:00,1550,Faisalabad,Lahore
5,191,Zain Bhatti,Male,37,Doctor,27-10-24 15:45,27-10-24 18:00,1550,Faisalabad,Lahore
5,192,Ahmed Bhatti,Female,41,Engineer,27-10-24 15:45,27-10-24 18:00,1550,Faisalabad,Lahore
5,193,Sara Bhatti,Female,32,Doctor,27-10-24 15:45,27-10-24 18:00,1550,Faisalabad,Lahore
5,194,Fatima Malik,Male,75,Engineer,27-10-24 15:45,27-10-24 18:00,1550,Faisalabad,Lahore
5,195,Fatima Malik,Male,76,Engineer,27-10-24 15:45,27-10-24 18:00,1550,Faisalabad,Lahore
5,196,Zain Khan,Female,38,Teacher,27-10-24 15:45,27-10-24 18:00,1550,Faisalabad,Lahore
5,197,Zain Malik,Male,57,Engineer,27-10-24 15:45,27-10-24 18:00,1550,Faisalabad,Lahore
5,198,Sara Bhatti,Female,9,Teacher,27-10-24 15:45,27-10-24 18:00,1550,Lahore,Faisalabad
5,199,Ahmed Bhatti,Male,75,Student,27-10-24 15:45,27-10-24 18:00,1550,Lahore,Faisalabad
5,200,Zain Jutt,Female,51,Student,27-10-24 15:45,27-10-24 18:00,1550,Lahore,Faisalabad
5,201,Sara Sheikh,Male,68,Engineer,27-10-24 15:45,27-10-24 18:00,1550,Faisalabad,Lahore
5,202,Ali Khan,Female,55,Businessperson,27-10-24 15:45,27-10-24 18:00,1550,Lahore,Faisalabad
5,203,Sara Bhatti,Female,22,Doctor,27-10-24 15:45,27-10-24 18:00,1550,Lahore,Faisalabad
5,204,Fatima Sheikh,Male,30,Student,27-10-24 15:45,27-10-24 18:00,1550,Lahore,Faisalabad
5,205,Zain Khan,Female,20,Teacher,27-10-24 15:45,27-10-24 18:00,1550,Faisalabad,Lahore
5,206,Fatima Sheikh,Female,13,Student,27-10-24 15:45,27-10-24 18:00,1550,Faisalabad,Lahore
5,207,Zain Khan,Male,20,Teacher,27-10-24 15:45,27-10-24 18:00,1550,Lahore,Faisalabad
5,208,Sara Jutt,Female,33,Teacher,27-10-24 15:45,27-10-24 18:00,1550,Faisalabad,Lahore
5,209,Ahmed Bhatti,Female,32,Doctor,27-10-24 15:45,27-10-24 18:00,1550,Lahore,Faisalabad
5,210,Zain Bhatti,Female,65,Doctor,27-10-24 15:45,27-10-24 18:00,1550,Faisalabad,Lahore
5,211,Fatima Sheikh,Female,5,Doctor,27-10-24 15:45,27-10-24 18:00,1550,Lahore,Faisalabad
5,212,Fatima Malik,Male,25,Engineer,27-10-24 15:45,27-10-24 18:00,1550,Faisalabad,Lahore
5,213,Ali Jutt,Female,72,Teacher,27-10-24 15:45,27-10-24 18:00,1550,Lahore,Faisalabad
5,214,Fatima Malik,Male,25,Engineer,27-10-24 15:45,27-10-24 18:00,1550,Lahore,Faisalabad
5,215,Ahmed Jutt,Male,58,Businessperson,27-10-24 15:45,27-10-24 18:00,1550,Faisalabad,Lahore
5,216,Sara Malik,Male,6,Teacher,27-10-24 15:45,27-10-24 18:00,1550,Faisalabad,Lahore
5,217,Ali Jutt,Male,67,Businessperson,27-10-24 15:45,27-10-24 18:00,1550,Lahore,Faisalabad
5,218,Ahmed Bhatti,Male,49,Engineer,27-10-24 15:45,27-10-24 18:00,1550,Lahore,Faisalabad
5,219,Zain Khan,Male,40,Businessperson,27-10-24 15:45,27-10-24 18:00,1550,Lahore,Faisalabad
5,220,Ahmed Jutt,Female,67,Student,27-10-24 15:45,27-10-24 18:00,1550,Lahore,Faisalabad
6,221,Ahmed Khan,Male,76,Businessperson,27-10-24 18:30,27-10-24 20:45,1550,Lahore,Faisalabad
6,222,Fatima Sheikh,Male,23,Businessperson,27-10-24 18:30,27-10-24 20:45,1550,Faisalabad,Lahore
6,223,Ali Bhatti,Female,36,Engineer,27-10-24 18:30,27-10-24 20:45,1550,Lahore,Faisalabad
6,224,Sara Malik,Female,27,Businessperson,27-10-24 18:30,27-10-24 20:45,1550,Faisalabad,Lahore
6,225,Zain Khan,Female,73,Teacher,27-10-24 18:30,27-10-24 20:45,1550,Faisalabad,Lahore
6,226,Fatima Sheikh,Male,76,Teacher,27-10-24 18:30,27-10-24 20:45,1550,Lahore,Faisalabad
6,227,Ali Sheikh,Female,7,Student,27-10-24 18:30,27-10-24 20:45,1550,Lahore,Faisalabad
6,228,Fatima Jutt,Male,50,Teacher,27-10-24 18:30,27-10-24 20:45,1550,Faisalabad,Lahore
6,229,Ali Malik,Male,76,Doctor,27-10-24 18:30,27-10-24 20:45,1550,Faisalabad,Lahore
6,230,Zain Bhatti,Female,58,Businessperson,27-10-24 18:30,27-10-24 20:45,1550,Faisalabad,Lahore
6,231,Zain Jutt,Male,19,Student,27-10-24 18:30,27-10-24 20:45,1550,Faisalabad,Lahore
6,232,Ali Khan,Male,57,Engineer,27-10-24 18:30,27-10-24 20:45,1550,Lahore,Faisalabad
6,233,Fatima Sheikh,Female,7,Student,27-10-24 18:30,27-10-24 20:45,1550,Faisalabad,Lahore
6,234,Ali Sheikh,Female,6,Teacher,27-10-24 18:30,27-10-24 20:45,1550,Lahore,Faisalabad
6,235,Fatima Malik,Female,61,Doctor,27-10-24 18:30,27-10-24 20:45,1550,Lahore,Faisalabad
6,236,Sara Jutt,Male,8,Teacher,27-10-24 18:30,27-10-24 20:45,1550,Lahore,Faisalabad
6,237,Sara Malik,Male,20,Doctor,27-10-24 18:30,27-10-24 20:45,1550,Faisalabad,Lahore
6,238,Zain Bhatti,Female,8,Teacher,27-10-24 18:30,27-10-24 20:45,1550,Lahore,Faisalabad
6,239,Zain Khan,Female,35,Teacher,27-10-24 18:30,27-10-24 20:45,1550,Faisalabad,Lahore
6,240,Fatima Sheikh,Female,48,Teacher,27-10-24 18:30,27-10-24 20:45,1550,Lahore,Faisalabad
6,241,Sara Jutt,Female,42,Engineer,27-10-24 18:30,27-10-24 20:45,1550,Faisalabad,Lahore
6,242,Ali Sheikh,Male,8,Teacher,27-10-24 18:30,27-10-24 20:45,1550,Lahore,Faisalabad
6,243,Ahmed Jutt,Female,5,Student,27-10-24 18:30,27-10-24 20:45,1550,Lahore,Faisalabad
6,244,Ahmed Bhatti,Male,49,Engineer,27-10-24 18:30,27-10-24 20:45,1550,Lahore,Faisalabad
6,245,Fatima Jutt,Female,36,Engineer,27-10-24 18:30,27-10-24 20:45,1550,Lahore,Faisalabad
6,246,Zain Khan,Male,37,Engineer,27-10-24 18:30,27-10-24 20:45,1550,Lahore,Faisalabad
6,247,Sara Malik,Male,71,Teacher,27-10-24 18:30,27-10-24 20:45,1550,Lahore,Faisalabad
6,248,Fatima Bhatti,Female,45,Businessperson,27-10-24 18:30,27-10-24 20:45,1550,Faisalabad,Lahore
6,249,Ahmed Malik,Male,78,Doctor,27-10-24 18:30,27-10-24 20:45,1550,Faisalabad,Lahore
6,250,Ahmed Malik,Male,42,Businessperson,27-10-24 18:30,27-10-24 20:45,1550,Lahore,Faisalabad
6,251,Ali Jutt,Male,39,Teacher,27-10-24 18:30,27-10-24 20:45,1550,Lahore,Faisalabad
6,252,Fatima Bhatti,Female,38,Doctor,27-10-24 18:30,27-10-24 20:45,1550,Faisalabad,Lahore
6,253,Zain Jutt,Female,48,Businessperson,27-10-24 18:30,27-10-24 20:45,1550,Faisalabad,Lahore
6,254,Sara Sheikh,Male,16,Businessperson,27-10-24 18:30,27-10-24 20:45,1550,Lahore,Faisalabad
6,255,Fatima Jutt,Female,64,Student,27-10-24 18:30,27-10-24 20:45,1550,Faisalabad,Lahore
6,256,Zain Sheikh,Male,71,Student,27-10-24 18:30,27-10-24 20:45,1550,Faisalabad,Lahore
6,257,Fatima Jutt,Female,6,Businessperson,27-10-24 18:30,27-10-24 20:45,1550,Lahore,Faisalabad
6,258,Ali Khan,Male,12,Businessperson,27-10-24 18:30,27-10-24 20:45,1550,Lahore,Faisalabad
6,259,Fatima Khan,Male,31,Doctor,27-10-24 18:30,27-10-24 20:45,1550,Faisalabad,Lahore
6,260,Zain Malik,Female,63,Doctor,27-10-24 18:30,27-10-24 20:45,1550,Faisalabad,Lahore
6,261,Ahmed Sheikh,Male,28,Student,27-10-24 18:30,27-10-24 20:45,1550,Faisalabad,Lahore
6,262,Zain Bhatti,Female,7,Doctor,27-10-24 18:30,27-10-24 20:45,1550,Lahore,Faisalabad
6,263,Sara Malik,Female,42,Teacher,27-10-24 18:30,27-10-24 20:45,1550,Lahore,Faisalabad
6,264,Ahmed Bhatti,Female,58,Doctor,27-10-24 18:30,27-10-24 20:45,1550,Faisalabad,Lahore
7,265,Ahmed Malik,Male,18,Engineer,27-10-24 21:15,27-10-24 23:30,1550,Faisalabad,Lahore
7,266,Ali Jutt,Female,10,Teacher,27-10-24 21:15,27-10-24 23:30,1550,Lahore,Faisalabad
7,267,Ali Sheikh,Female,60,Engineer,27-10-24 21:15,27-10-24 23:30,1550,Faisalabad,Lahore
7,268,Ali Malik,Male,16,Teacher,27-10-24 21:15,27-10-24 23:30,1550,Faisalabad,Lahore
7,269,Ali Malik,Male,21,Doctor,27-10-24 21:15,27-10-24 23:30,1550,Lahore,Faisalabad
7,270,Ahmed Khan,Female,11,Engineer,27-10-24 21:15,27-10-24 23:30,1550,Lahore,Faisalabad
7,271,Zain Jutt,Male,72,Teacher,27-10-24 21:15,27-10-24 23:30,1550,Faisalabad,Lahore
7,272,Ali Malik,Female,37,Businessperson,27-10-24 21:15,27-10-24 23:30,1550,Faisalabad,Lahore
7,273,Ahmed Sheikh,Female,70,Engineer,27-10-24 21:15,27-10-24 23:30,1550,Lahore,Faisalabad
7,274,Zain Jutt,Male,33,Businessperson,27-10-24 21:15,27-10-24 23:30,1550,Faisalabad,Lahore
7,275,Ali Khan,Female,8,Student,27-10-24 21:15,27-10-24 23:30,1550,Lahore,Faisalabad
7,276,Sara Khan,Male,67,Doctor,27-10-24 21:15,27-10-24 23:30,1550,Lahore,Faisalabad
7,277,Ali Malik,Female,57,Engineer,27-10-24 21:15,27-10-24 23:30,1550,Lahore,Faisalabad
7,278,Ahmed Khan,Female,56,Student,27-10-24 21:15,27-10-24 23:30,1550,Lahore,Faisalabad
7,279,Zain Malik,Male,26,Doctor,27-10-24 21:15,27-10-24 23:30,1550,Faisalabad,Lahore
7,280,Sara Sheikh,Female,30,Businessperson,27-10-24 21:15,27-10-24 23:30,1550,Lahore,Faisalabad
7,281,Ali Khan,Female,52,Student,27-10-24 21:15,27-10-24 23:30,1550,Lahore,Faisalabad
7,282,Ali Jutt,Female,25,Doctor,27-10-24 21:15,27-10-24 23:30,1550,Faisalabad,Lahore
7,283,Zain Malik,Female,26,Doctor,27-10-24 21:15,27-10-24 23:30,1550,Faisalabad,Lahore
7,284,Sara Sheikh,Female,52,Businessperson,27-10-24 21:15,27-10-24 23:30,1550,Faisalabad,Lahore
7,285,Ahmed Malik,Female,6,Doctor,27-10-24 21:15,27-10-24 23:30,1550,Lahore,Faisalabad
7,286,Ali Bhatti,Male,59,Student,27-10-24 21:15,27-10-24 23:30,1550,Lahore,Faisalabad
7,287,Fatima Malik,Female,32,Businessperson,27-10-24 21:15,27-10-24 23:30,1550,Lahore,Faisalabad
7,288,Sara Bhatti,Female,42,Teacher,27-10-24 21:15,27-10-24 23:30,1550,Lahore,Faisalabad
7,289,Zain Sheikh,Female,65,Teacher,27-10-24 21:15,27-10-24 23:30,1550,Faisalabad,Lahore
7,290,Fatima Jutt,Male,47,Teacher,27-10-24 21:15,27-10-24 23:30,1550,Faisalabad,Lahore
7,291,Zain Malik,Male,67,Businessperson,27-10-24 21:15,27-10-24 23:30,1550,Lahore,Faisalabad
7,292,Fatima Bhatti,Female,51,Teacher,27-10-24 21:15,27-10-24 23:30,1550,Faisalabad,Lahore
7,293,Ali Jutt,Female,70,Businessperson,27-10-24 21:15,27-10-24 23:30,1550,Lahore,Faisalabad
7,294,Fatima Jutt,Male,5,Businessperson,27-10-24 21:15,27-10-24 23:30,1550,Lahore,Faisalabad
7,295,Zain Khan,Female,72,Engineer,27-10-24 21:15,27-10-24 23:30,1550,Faisalabad,Lahore
7,296,Fatima Bhatti,Male,60,Student,27-10-24 21:15,27-10-24 23:30,1550,Faisalabad,Lahore
7,297,Ali Jutt,Male,79,Student,27-10-24 21:15,27-10-24 23:30,1550,Lahore,Faisalabad
7,298,Ali Bhatti,Female,70,Businessperson,27-10-24 21:15,27-10-24 23:30,1550,Lahore,Faisalabad
7,299,Sara Sheikh,Female,39,Doctor,27-10-24 21:15,27-10-24 23:30,1550,Faisalabad,Lahore
7,300,Ali Jutt,Female,66,Engineer,27-10-24 21:15,27-10-24 23:30,1550,Lahore,Faisalabad
7,301,Sara Malik,Female,27,Student,27-10-24 21:15,27-10-24 23:30,1550,Faisalabad,Lahore
7,302,Sara Sheikh,Female,67,Businessperson,27-10-24 21:15,27-10-24 23:30,1550,Faisalabad,Lahore
7,303,Ali Khan,Female,8,Student,27-10-24 21:15,27-10-24 23:30,1550,Faisalabad,Lahore
7,304,Ahmed Malik,Male,55,Student,27-10-24 21:15,27-10-24 23:30,1550,Lahore,Faisalabad
7,305,Fatima Khan,Female,36,Businessperson,27-10-24 21:15,27-10-24 23:30,1550,Faisalabad,Lahore
7,306,Ahmed Sheikh,Female,57,Businessperson,27-10-24 21:15,27-10-24 23:30,1550,Lahore,Faisalabad
7,307,Fatima Sheikh,Female,18,Student,27-10-24 21:15,27-10-24 23:30,1550,Lahore,Faisalabad
7,308,Ahmed Sheikh,Male,77,Teacher,27-10-24 21:15,27-10-24 23:30,1550,Lahore,Faisalabad
8,309,Zain Malik,Male,38,Engineer,28-10-24 0:00,28-10-24 2:15,1550,Lahore,Faisalabad
8,310,Fatima Jutt,Female,35,Student,28-10-24 0:00,28-10-24 2:15,1550,Faisalabad,Lahore
8,311,Fatima Malik,Female,30,Student,28-10-24 0:00,28-10-24 2:15,1550,Lahore,Faisalabad
8,312,Fatima Jutt,Male,76,Engineer,28-10-24 0:00,28-10-24 2:15,1550,Lahore,Faisalabad
8,313,Ali Jutt,Female,61,Teacher,28-10-24 0:00,28-10-24 2:15,1550,Lahore,Faisalabad
8,314,Ali Bhatti,Male,6,Doctor,28-10-24 0:00,28-10-24 2:15,1550,Lahore,Faisalabad
8,315,Ahmed Sheikh,Female,25,Student,28-10-24 0:00,28-10-24 2:15,1550,Faisalabad,Lahore
8,316,Ali Jutt,Male,9,Engineer,28-10-24 0:00,28-10-24 2:15,1550,Lahore,Faisalabad
8,317,Zain Malik,Male,45,Doctor,28-10-24 0:00,28-10-24 2:15,1550,Faisalabad,Lahore
8,318,Zain Malik,Male,10,Engineer,28-10-24 0:00,28-10-24 2:15,1550,Lahore,Faisalabad
8,319,Sara Malik,Female,62,Businessperson,28-10-24 0:00,28-10-24 2:15,1550,Faisalabad,Lahore
8,320,Fatima Malik,Male,79,Doctor,28-10-24 0:00,28-10-24 2:15,1550,Faisalabad,Lahore
8,321,Zain Khan,Male,37,Teacher,28-10-24 0:00,28-10-24 2:15,1550,Faisalabad,Lahore
8,322,Sara Sheikh,Male,79,Engineer,28-10-24 0:00,28-10-24 2:15,1550,Lahore,Faisalabad
8,323,Ahmed Sheikh,Male,72,Teacher,28-10-24 0:00,28-10-24 2:15,1550,Faisalabad,Lahore
8,324,Ahmed Khan,Male,55,Student,28-10-24 0:00,28-10-24 2:15,1550,Lahore,Faisalabad
8,325,Sara Bhatti,Male,64,Businessperson,28-10-24 0:00,28-10-24 2:15,1550,Lahore,Faisalabad
8,326,Fatima Sheikh,Female,53,Engineer,28-10-24 0:00,28-10-24 2:15,1550,Lahore,Faisalabad
8,327,Fatima Malik,Female,63,Teacher,28-10-24 0:00,28-10-24 2:15,1550,Faisalabad,Lahore
8,328,Ali Sheikh,Male,50,Teacher,28-10-24 0:00,28-10-24 2:15,1550,Lahore,Faisalabad
8,329,Zain Malik,Male,54,Teacher,28-10-24 0:00,28-10-24 2:15,1550,Lahore,Faisalabad
8,330,Sara Bhatti,Female,36,Doctor,28-10-24 0:00,28-10-24 2:15,1550,Lahore,Faisalabad
8,331,Ahmed Sheikh,Male,46,Engineer,28-10-24 0:00,28-10-24 2:15,1550,Faisalabad,Lahore
8,332,Fatima Sheikh,Female,66,Engineer,28-10-24 0:00,28-10-24 2:15,1550,Lahore,Faisalabad
8,333,Sara Sheikh,Male,18,Student,28-10-24 0:00,28-10-24 2:15,1550,Lahore,Faisalabad
8,334,Ahmed Sheikh,Female,49,Doctor,28-10-24 0:00,28-10-24 2:15,1550,Lahore,Faisalabad
8,335,Fatima Sheikh,Male,74,Businessperson,28-10-24 0:00,28-10-24 2:15,1550,Faisalabad,Lahore
8,336,Ahmed Jutt,Female,61,Businessperson,28-10-24 0:00,28-10-24 2:15,1550,Faisalabad,Lahore
8,337,Zain Khan,Female,40,Doctor,28-10-24 0:00,28-10-24 2:15,1550,Faisalabad,Lahore
8,338,Ali Sheikh,Female,40,Teacher,28-10-24 0:00,28-10-24 2:15,1550,Faisalabad,Lahore
8,339,Fatima Sheikh,Female,63,Teacher,28-10-24 0:00,28-10-24 2:15,1550,Faisalabad,Lahore
8,340,Ali Sheikh,Male,72,Doctor,28-10-24 0:00,28-10-24 2:15,1550,Faisalabad,Lahore
8,341,Sara Bhatti,Female,28,Businessperson,28-10-24 0:00,28-10-24 2:15,1550,Faisalabad,Lahore
8,342,Fatima Sheikh,Male,71,Doctor,28-10-24 0:00,28-10-24 2:15,1550,Lahore,Faisalabad
8,343,Ali Jutt,Female,77,Businessperson,28-10-24 0:00,28-10-24 2:15,1550,Lahore,Faisalabad
8,344,Fatima Khan,Female,11,Engineer,28-10-24 0:00,28-10-24 2:15,1550,Lahore,Faisalabad
8,345,Ahmed Khan,Male,9,Doctor,28-10-24 0:00,28-10-24 2:15,1550,Faisalabad,Lahore
8,346,Ahmed Sheikh,Male,48,Student,28-10-24 0:00,28-10-24 2:15,1550,Lahore,Faisalabad
8,347,Ali Khan,Female,63,Student,28-10-24 0:00,28-10-24 2:15,1550,Lahore,Faisalabad
8,348,Zain Bhatti,Female,67,Doctor,28-10-24 0:00,28-10-24 2:15,1550,Lahore,Faisalabad
8,349,Ahmed Sheikh,Female,33,Doctor,28-10-24 0:00,28-10-24 2:15,1550,Faisalabad,Lahore
8,350,Zain Malik,Male,5,Businessperson,28-10-24 0:00,28-10-24 2:15,1550,Faisalabad,Lahore
8,351,Ahmed Bhatti,Female,14,Businessperson,28-10-24 0:00,28-10-24 2:15,1550,Faisalabad,Lahore
8,352,Zain Malik,Female,73,Doctor,28-10-24 0:00,28-10-24 2:15,1550,Lahore,Faisalabad
9,353,Sara Malik,Male,54,Teacher,28-10-24 2:45,28-10-24 5:00,1550,Lahore,Faisalabad
9,354,Ali Malik,Male,38,Businessperson,28-10-24 2:45,28-10-24 5:00,1550,Lahore,Faisalabad
9,355,Fatima Jutt,Female,39,Engineer,28-10-24 2:45,28-10-24 5:00,1550,Faisalabad,Lahore
9,356,Zain Khan,Female,14,Engineer,28-10-24 2:45,28-10-24 5:00,1550,Faisalabad,Lahore
9,357,Ali Sheikh,Female,65,Doctor,28-10-24 2:45,28-10-24 5:00,1550,Faisalabad,Lahore
9,358,Sara Sheikh,Male,43,Teacher,28-10-24 2:45,28-10-24 5:00,1550,Lahore,Faisalabad
9,359,Ali Sheikh,Male,34,Engineer,28-10-24 2:45,28-10-24 5:00,1550,Faisalabad,Lahore
9,360,Fatima Jutt,Female,37,Student,28-10-24 2:45,28-10-24 5:00,1550,Lahore,Faisalabad
9,361,Sara Malik,Male,56,Teacher,28-10-24 2:45,28-10-24 5:00,1550,Faisalabad,Lahore
9,362,Ahmed Jutt,Male,66,Engineer,28-10-24 2:45,28-10-24 5:00,1550,Faisalabad,Lahore
9,363,Zain Khan,Male,70,Engineer,28-10-24 2:45,28-10-24 5:00,1550,Lahore,Faisalabad
9,364,Ali Sheikh,Female,34,Teacher,28-10-24 2:45,28-10-24 5:00,1550,Lahore,Faisalabad
9,365,Zain Bhatti,Female,69,Doctor,28-10-24 2:45,28-10-24 5:00,1550,Lahore,Faisalabad
9,366,Sara Khan,Female,21,Engineer,28-10-24 2:45,28-10-24 5:00,1550,Faisalabad,Lahore
9,367,Sara Khan,Female,56,Student,28-10-24 2:45,28-10-24 5:00,1550,Faisalabad,Lahore
9,368,Ali Sheikh,Male,7,Teacher,28-10-24 2:45,28-10-24 5:00,1550,Lahore,Faisalabad
9,369,Fatima Khan,Male,41,Businessperson,28-10-24 2:45,28-10-24 5:00,1550,Faisalabad,Lahore
9,370,Ahmed Bhatti,Male,66,Student,28-10-24 2:45,28-10-24 5:00,1550,Lahore,Faisalabad
9,371,Ali Bhatti,Male,74,Doctor,28-10-24 2:45,28-10-24 5:00,1550,Faisalabad,Lahore
9,372,Ahmed Sheikh,Female,79,Doctor,28-10-24 2:45,28-10-24 5:00,1550,Lahore,Faisalabad
9,373,Ahmed Malik,Female,32,Teacher,28-10-24 2:45,28-10-24 5:00,1550,Faisalabad,Lahore
9,374,Zain Malik,Female,60,Businessperson,28-10-24 2:45,28-10-24 5:00,1550,Faisalabad,Lahore
9,375,Fatima Malik,Female,25,Teacher,28-10-24 2:45,28-10-24 5:00,1550,Faisalabad,Lahore
9,376,Zain Malik,Male,45,Doctor,28-10-24 2:45,28-10-24 5:00,1550,Lahore,Faisalabad
9,377,Ali Jutt,Female,54,Student,28-10-24 2:45,28-10-24 5:00,1550,Lahore,Faisalabad
9,378,Ahmed Bhatti,Male,6,Doctor,28-10-24 2:45,28-10-24 5:00,1550,Faisalabad,Lahore
9,379,Fatima Malik,Female,20,Engineer,28-10-24 2:45,28-10-24 5:00,1550,Faisalabad,Lahore
9,380,Fatima Sheikh,Female,15,Student,28-10-24 2:45,28-10-24 5:00,1550,Lahore,Faisalabad
9,381,Zain Khan,Female,21,Teacher,28-10-24 2:45,28-10-24 5:00,1550,Faisalabad,Lahore
9,382,Fatima Jutt,Female,69,Student,28-10-24 2:45,28-10-24 5:00,1550,Faisalabad,Lahore
9,383,Ahmed Malik,Male,14,Student,28-10-24 2:45,28-10-24 5:00,1550,Lahore,Faisalabad
9,384,Sara Khan,Female,32,Engineer,28-10-24 2:45,28-10-24 5:00,1550,Faisalabad,Lahore
9,385,Zain Malik,Female,24,Engineer,28-10-24 2:45,28-10-24 5:00,1550,Lahore,Faisalabad
9,386,Ali Malik,Male,26,Teacher,28-10-24 2:45,28-10-24 5:00,1550,Lahore,Faisalabad
9,387,Fatima Khan,Female,14,Student,28-10-24 2:45,28-10-24 5:00,1550,Faisalabad,Lahore
9,388,Ali Bhatti,Female,17,Teacher,28-10-24 2:45,28-10-24 5:00,1550,Lahore,Faisalabad
9,389,Fatima Bhatti,Male,15,Teacher,28-10-24 2:45,28-10-24 5:00,1550,Lahore,Faisalabad
9,390,Zain Bhatti,Male,66,Businessperson,28-10-24 2:45,28-10-24 5:00,1550,Lahore,Faisalabad
9,391,Ahmed Sheikh,Male,48,Businessperson,28-10-24 2:45,28-10-24 5:00,1550,Lahore,Faisalabad
9,392,Zain Jutt,Female,78,Teacher,28-10-24 2:45,28-10-24 5:00,1550,Lahore,Faisalabad
9,393,Ali Sheikh,Male,13,Student,28-10-24 2:45,28-10-24 5:00,1550,Lahore,Faisalabad
9,394,Ahmed Bhatti,Male,78,Student,28-10-24 2:45,28-10-24 5:00,1550,Faisalabad,Lahore
9,395,Ali Malik,Male,14,Teacher,28-10-24 2:45,28-10-24 5:00,1550,Lahore,Faisalabad
9,396,Zain Khan,Male,36,Businessperson,28-10-24 2:45,28-10-24 5:00,1550,Faisalabad,Lahore
10,397,Sara Sheikh,Male,9,Teacher,28-10-24 5:30,28-10-24 7:45,1550,Faisalabad,Lahore
10,398,Sara Jutt,Male,69,Engineer,28-10-24 5:30,28-10-24 7:45,1550,Lahore,Faisalabad
10,399,Ahmed Bhatti,Female,21,Teacher,28-10-24 5:30,28-10-24 7:45,1550,Lahore,Faisalabad
10,400,Zain Malik,Female,37,Engineer,28-10-24 5:30,28-10-24 7:45,1550,Lahore,Faisalabad
10,401,Ali Malik,Female,68,Engineer,28-10-24 5:30,28-10-24 7:45,1550,Lahore,Faisalabad
10,402,Fatima Khan,Male,34,Student,28-10-24 5:30,28-10-24 7:45,1550,Faisalabad,Lahore
10,403,Zain Malik,Female,41,Doctor,28-10-24 5:30,28-10-24 7:45,1550,Lahore,Faisalabad
10,404,Fatima Sheikh,Male,51,Businessperson,28-10-24 5:30,28-10-24 7:45,1550,Lahore,Faisalabad
10,405,Sara Khan,Male,14,Teacher,28-10-24 5:30,28-10-24 7:45,1550,Lahore,Faisalabad
10,406,Zain Jutt,Male,50,Student,28-10-24 5:30,28-10-24 7:45,1550,Lahore,Faisalabad
10,407,Ahmed Sheikh,Male,37,Doctor,28-10-24 5:30,28-10-24 7:45,1550,Faisalabad,Lahore
10,408,Fatima Jutt,Female,29,Student,28-10-24 5:30,28-10-24 7:45,1550,Lahore,Faisalabad
10,409,Ahmed Khan,Male,53,Doctor,28-10-24 5:30,28-10-24 7:45,1550,Lahore,Faisalabad
10,410,Sara Khan,Male,64,Teacher,28-10-24 5:30,28-10-24 7:45,1550,Faisalabad,Lahore
10,411,Zain Bhatti,Male,42,Student,28-10-24 5:30,28-10-24 7:45,1550,Faisalabad,Lahore
10,412,Ali Khan,Female,43,Student,28-10-24 5:30,28-10-24 7:45,1550,Lahore,Faisalabad
10,413,Ahmed Jutt,Female,21,Student,28-10-24 5:30,28-10-24 7:45,1550,Faisalabad,Lahore
10,414,Zain Jutt,Male,66,Student,28-10-24 5:30,28-10-24 7:45,1550,Faisalabad,Lahore
10,415,Zain Sheikh,Male,23,Businessperson,28-10-24 5:30,28-10-24 7:45,1550,Lahore,Faisalabad
10,416,Sara Malik,Male,79,Businessperson,28-10-24 5:30,28-10-24 7:45,1550,Faisalabad,Lahore
10,417,Sara Khan,Male,30,Businessperson,28-10-24 5:30,28-10-24 7:45,1550,Faisalabad,Lahore
10,418,Fatima Jutt,Male,14,Teacher,28-10-24 5:30,28-10-24 7:45,1550,Faisalabad,Lahore
10,419,Fatima Malik,Male,58,Student,28-10-24 5:30,28-10-24 7:45,1550,Lahore,Faisalabad
10,420,Zain Khan,Male,10,Engineer,28-10-24 5:30,28-10-24 7:45,1550,Faisalabad,Lahore
10,421,Ahmed Jutt,Male,62,Engineer,28-10-24 5:30,28-10-24 7:45,1550,Lahore,Faisalabad
10,422,Sara Khan,Female,74,Engineer,28-10-24 5:30,28-10-24 7:45,1550,Lahore,Faisalabad
10,423,Zain Bhatti,Male,74,Student,28-10-24 5:30,28-10-24 7:45,1550,Lahore,Faisalabad
10,424,Zain Bhatti,Female,53,Teacher,28-10-24 5:30,28-10-24 7:45,1550,Lahore,Faisalabad
10,425,Ahmed Jutt,Female,17,Engineer,28-10-24 5:30,28-10-24 7:45,1550,Lahore,Faisalabad
10,426,Sara Jutt,Male,63,Engineer,28-10-24 5:30,28-10-24 7:45,1550,Faisalabad,Lahore
10,427,Zain Bhatti,Female,26,Doctor,28-10-24 5:30,28-10-24 7:45,1550,Faisalabad,Lahore
10,428,Ali Sheikh,Female,39,Engineer,28-10-24 5:30,28-10-24 7:45,1550,Faisalabad,Lahore
10,429,Ali Bhatti,Male,65,Student,28-10-24 5:30,28-10-24 7:45,1550,Lahore,Faisalabad
10,430,Ahmed Bhatti,Male,46,Doctor,28-10-24 5:30,28-10-24 7:45,1550,Faisalabad,Lahore
10,431,Sara Sheikh,Female,17,Student,28-10-24 5:30,28-10-24 7:45,1550,Faisalabad,Lahore
10,432,Ahmed Sheikh,Male,32,Engineer,28-10-24 5:30,28-10-24 7:45,1550,Lahore,Faisalabad
10,433,Fatima Sheikh,Male,64,Businessperson,28-10-24 5:30,28-10-24 7:45,1550,Lahore,Faisalabad
10,434,Zain Sheikh,Female,32,Teacher,28-10-24 5:30,28-10-24 7:45,1550,Faisalabad,Lahore
10,435,Ahmed Khan,Female,10,Teacher,28-10-24 5:30,28-10-24 7:45,1550,Lahore,Faisalabad
10,436,Ali Jutt,Male,17,Engineer,28-10-24 5:30,28-10-24 7:45,1550,Lahore,Faisalabad
10,437,Fatima Malik,Female,73,Teacher,28-10-24 5:30,28-10-24 7:45,1550,Faisalabad,Lahore
10,438,Fatima Sheikh,Female,68,Businessperson,28-10-24 5:30,28-10-24 7:45,1550,Lahore,Faisalabad
10,439,Fatima Bhatti,Female,68,Teacher,28-10-24 5:30,28-10-24 7:45,1550,Lahore,Faisalabad
10,440,Ahmed Bhatti,Male,7,Teacher,28-10-24 5:30,28-10-24 7:45,1550,Lahore,Faisalabad
11,441,Fatima Bhatti,Female,29,Teacher,28-10-24 8:15,28-10-24 10:30,1550,Lahore,Faisalabad
11,442,Ahmed Jutt,Male,20,Student,28-10-24 8:15,28-10-24 10:30,1550,Faisalabad,Lahore
11,443,Zain Bhatti,Female,18,Doctor,28-10-24 8:15,28-10-24 10:30,1550,Faisalabad,Lahore
11,444,Sara Khan,Male,48,Teacher,28-10-24 8:15,28-10-24 10:30,1550,Faisalabad,Lahore
11,445,Ahmed Bhatti,Female,64,Student,28-10-24 8:15,28-10-24 10:30,1550,Lahore,Faisalabad
11,446,Ahmed Malik,Female,58,Student,28-10-24 8:15,28-10-24 10:30,1550,Lahore,Faisalabad
11,447,Ahmed Malik,Male,20,Doctor,28-10-24 8:15,28-10-24 10:30,1550,Lahore,Faisalabad
11,448,Sara Jutt,Male,9,Engineer,28-10-24 8:15,28-10-24 10:30,1550,Faisalabad,Lahore
11,449,Ali Malik,Female,69,Engineer,28-10-24 8:15,28-10-24 10:30,1550,Faisalabad,Lahore
11,450,Sara Sheikh,Male,39,Doctor,28-10-24 8:15,28-10-24 10:30,1550,Lahore,Faisalabad
11,451,Zain Malik,Female,14,Businessperson,28-10-24 8:15,28-10-24 10:30,1550,Faisalabad,Lahore
11,452,Zain Bhatti,Male,74,Businessperson,28-10-24 8:15,28-10-24 10:30,1550,Faisalabad,Lahore
11,453,Ali Jutt,Male,78,Teacher,28-10-24 8:15,28-10-24 10:30,1550,Lahore,Faisalabad
11,454,Zain Jutt,Male,11,Doctor,28-10-24 8:15,28-10-24 10:30,1550,Faisalabad,Lahore
11,455,Ahmed Bhatti,Male,71,Businessperson,28-10-24 8:15,28-10-24 10:30,1550,Faisalabad,Lahore
11,456,Fatima Khan,Female,5,Engineer,28-10-24 8:15,28-10-24 10:30,1550,Lahore,Faisalabad
11,457,Ahmed Sheikh,Male,59,Doctor,28-10-24 8:15,28-10-24 10:30,1550,Lahore,Faisalabad
11,458,Ahmed Malik,Male,38,Teacher,28-10-24 8:15,28-10-24 10:30,1550,Faisalabad,Lahore
11,459,Ahmed Malik,Female,70,Businessperson,28-10-24 8:15,28-10-24 10:30,1550,Faisalabad,Lahore
11,460,Ahmed Jutt,Female,57,Student,28-10-24 8:15,28-10-24 10:30,1550,Lahore,Faisalabad
11,461,Zain Jutt,Female,43,Doctor,28-10-24 8:15,28-10-24 10:30,1550,Faisalabad,Lahore
11,462,Fatima Bhatti,Male,5,Student,28-10-24 8:15,28-10-24 10:30,1550,Faisalabad,Lahore
11,463,Sara Khan,Female,60,Teacher,28-10-24 8:15,28-10-24 10:30,1550,Lahore,Faisalabad
11,464,Ali Sheikh,Male,29,Doctor,28-10-24 8:15,28-10-24 10:30,1550,Faisalabad,Lahore
11,465,Ahmed Bhatti,Male,68,Engineer,28-10-24 8:15,28-10-24 10:30,1550,Lahore,Faisalabad
11,466,Sara Malik,Male,13,Teacher,28-10-24 8:15,28-10-24 10:30,1550,Lahore,Faisalabad
11,467,Zain Malik,Male,32,Teacher,28-10-24 8:15,28-10-24 10:30,1550,Faisalabad,Lahore
11,468,Ali Jutt,Female,12,Businessperson,28-10-24 8:15,28-10-24 10:30,1550,Faisalabad,Lahore
11,469,Ahmed Malik,Male,65,Engineer,28-10-24 8:15,28-10-24 10:30,1550,Faisalabad,Lahore
11,470,Sara Malik,Female,44,Student,28-10-24 8:15,28-10-24 10:30,1550,Lahore,Faisalabad
11,471,Zain Khan,Female,8,Student,28-10-24 8:15,28-10-24 10:30,1550,Faisalabad,Lahore
11,472,Fatima Malik,Female,14,Doctor,28-10-24 8:15,28-10-24 10:30,1550,Lahore,Faisalabad
11,473,Zain Malik,Female,67,Teacher,28-10-24 8:15,28-10-24 10:30,1550,Lahore,Faisalabad
11,474,Fatima Khan,Male,29,Doctor,28-10-24 8:15,28-10-24 10:30,1550,Faisalabad,Lahore
11,475,Sara Sheikh,Female,68,Businessperson,28-10-24 8:15,28-10-24 10:30,1550,Faisalabad,Lahore
11,476,Fatima Jutt,Female,72,Businessperson,28-10-24 8:15,28-10-24 10:30,1550,Faisalabad,Lahore
11,477,Ali Bhatti,Female,77,Businessperson,28-10-24 8:15,28-10-24 10:30,1550,Faisalabad,Lahore
11,478,Fatima Malik,Female,54,Student,28-10-24 8:15,28-10-24 10:30,1550,Lahore,Faisalabad
11,479,Fatima Sheikh,Male,25,Teacher,28-10-24 8:15,28-10-24 10:30,1550,Faisalabad,Lahore
11,480,Sara Bhatti,Male,33,Engineer,28-10-24 8:15,28-10-24 10:30,1550,Lahore,Faisalabad
11,481,Fatima Jutt,Male,56,Engineer,28-10-24 8:15,28-10-24 10:30,1550,Faisalabad,Lahore
11,482,Ali Malik,Female,51,Businessperson,28-10-24 8:15,28-10-24 10:30,1550,Lahore,Faisalabad
11,483,Ali Khan,Male,9,Doctor,28-10-24 8:15,28-10-24 10:30,1550,Faisalabad,Lahore
11,484,Sara Jutt,Male,49,Businessperson,28-10-24 8:15,28-10-24 10:30,1550,Faisalabad,Lahore
12,485,Fatima Malik,Female,28,Student,28-10-24 11:00,28-10-24 13:15,1550,Faisalabad,Lahore
12,486,Ahmed Khan,Female,57,Doctor,28-10-24 11:00,28-10-24 13:15,1550,Faisalabad,Lahore
12,487,Fatima Sheikh,Female,68,Engineer,28-10-24 11:00,28-10-24 13:15,1550,Lahore,Faisalabad
12,488,Fatima Jutt,Female,32,Engineer,28-10-24 11:00,28-10-24 13:15,1550,Lahore,Faisalabad
12,489,Sara Jutt,Female,61,Teacher,28-10-24 11:00,28-10-24 13:15,1550,Lahore,Faisalabad
12,490,Ahmed Sheikh,Female,21,Businessperson,28-10-24 11:00,28-10-24 13:15,1550,Faisalabad,Lahore
12,491,Zain Malik,Male,67,Engineer,28-10-24 11:00,28-10-24 13:15,1550,Faisalabad,Lahore
12,492,Ahmed Khan,Male,58,Doctor,28-10-24 11:00,28-10-24 13:15,1550,Faisalabad,Lahore
12,493,Ali Bhatti,Female,22,Doctor,28-10-24 11:00,28-10-24 13:15,1550,Lahore,Faisalabad
12,494,Fatima Khan,Female,42,Student,28-10-24 11:00,28-10-24 13:15,1550,Faisalabad,Lahore
12,495,Ali Khan,Male,24,Student,28-10-24 11:00,28-10-24 13:15,1550,Faisalabad,Lahore
12,496,Sara Khan,Female,30,Teacher,28-10-24 11:00,28-10-24 13:15,1550,Lahore,Faisalabad
12,497,Zain Bhatti,Male,72,Student,28-10-24 11:00,28-10-24 13:15,1550,Lahore,Faisalabad
12,498,Zain Jutt,Female,25,Teacher,28-10-24 11:00,28-10-24 13:15,1550,Faisalabad,Lahore
12,499,Fatima Jutt,Male,53,Student,28-10-24 11:00,28-10-24 13:15,1550,Faisalabad,Lahore
12,500,Zain Jutt,Female,48,Student,28-10-24 11:00,28-10-24 13:15,1550,Faisalabad,Lahore
12,501,Sara Jutt,Female,23,Engineer,28-10-24 11:00,28-10-24 13:15,1550,Lahore,Faisalabad
12,502,Ahmed Jutt,Female,49,Doctor,28-10-24 11:00,28-10-24 13:15,1550,Faisalabad,Lahore
12,503,Fatima Jutt,Male,50,Businessperson,28-10-24 11:00,28-10-24 13:15,1550,Lahore,Faisalabad
12,504,Zain Khan,Female,77,Student,28-10-24 11:00,28-10-24 13:15,1550,Lahore,Faisalabad
12,505,Ali Bhatti,Male,58,Businessperson,28-10-24 11:00,28-10-24 13:15,1550,Faisalabad,Lahore
12,506,Zain Sheikh,Male,44,Engineer,28-10-24 11:00,28-10-24 13:15,1550,Faisalabad,Lahore
12,507,Zain Bhatti,Male,38,Teacher,28-10-24 11:00,28-10-24 13:15,1550,Faisalabad,Lahore
12,508,Fatima Bhatti,Female,23,Student,28-10-24 11:00,28-10-24 13:15,1550,Lahore,Faisalabad
12,509,Ali Bhatti,Male,72,Doctor,28-10-24 11:00,28-10-24 13:15,1550,Faisalabad,Lahore
12,510,Ali Jutt,Male,28,Student,28-10-24 11:00,28-10-24 13:15,1550,Faisalabad,Lahore
12,511,Sara Jutt,Male,55,Doctor,28-10-24 11:00,28-10-24 13:15,1550,Lahore,Faisalabad
12,512,Zain Bhatti,Female,25,Engineer,28-10-24 11:00,28-10-24 13:15,1550,Faisalabad,Lahore
12,513,Ahmed Jutt,Male,52,Teacher,28-10-24 11:00,28-10-24 13:15,1550,Lahore,Faisalabad
12,514,Ahmed Malik,Female,47,Student,28-10-24 11:00,28-10-24 13:15,1550,Faisalabad,Lahore
12,515,Zain Malik,Male,22,Engineer,28-10-24 11:00,28-10-24 13:15,1550,Lahore,Faisalabad
12,516,Zain Jutt,Male,65,Doctor,28-10-24 11:00,28-10-24 13:15,1550,Lahore,Faisalabad
12,517,Ahmed Khan,Male,73,Student,28-10-24 11:00,28-10-24 13:15,1550,Lahore,Faisalabad
12,518,Sara Jutt,Female,56,Businessperson,28-10-24 11:00,28-10-24 13:15,1550,Lahore,Faisalabad
12,519,Zain Sheikh,Female,76,Teacher,28-10-24 11:00,28-10-24 13:15,1550,Lahore,Faisalabad
12,520,Fatima Sheikh,Female,40,Doctor,28-10-24 11:00,28-10-24 13:15,1550,Faisalabad,Lahore
12,521,Ali Bhatti,Male,13,Student,28-10-24 11:00,28-10-24 13:15,1550,Faisalabad,Lahore
12,522,Ali Jutt,Male,50,Doctor,28-10-24 11:00,28-10-24 13:15,1550,Lahore,Faisalabad
12,523,Sara Bhatti,Male,74,Teacher,28-10-24 11:00,28-10-24 13:15,1550,Faisalabad,Lahore
12,524,Sara Bhatti,Male,76,Businessperson,28-10-24 11:00,28-10-24 13:15,1550,Faisalabad,Lahore
12,525,Ahmed Bhatti,Female,39,Student,28-10-24 11:00,28-10-24 13:15,1550,Lahore,Faisalabad
12,526,Ahmed Malik,Male,29,Businessperson,28-10-24 11:00,28-10-24 13:15,1550,Faisalabad,Lahore
12,527,Zain Malik,Male,70,Engineer,28-10-24 11:00,28-10-24 13:15,1550,Lahore,Faisalabad
12,528,Ali Malik,Male,32,Doctor,28-10-24 11:00,28-10-24 13:15,1550,Lahore,Faisalabad
13,529,Sara Sheikh,Male,10,Engineer,28-10-24 13:45,28-10-24 16:00,1550,Faisalabad,Lahore
13,530,Sara Jutt,Male,22,Student,28-10-24 13:45,28-10-24 16:00,1550,Lahore,Faisalabad
13,531,Ahmed Sheikh,Male,61,Engineer,28-10-24 13:45,28-10-24 16:00,1550,Lahore,Faisalabad
13,532,Ahmed Malik,Female,32,Student,28-10-24 13:45,28-10-24 16:00,1550,Faisalabad,Lahore
13,533,Ali Malik,Male,49,Teacher,28-10-24 13:45,28-10-24 16:00,1550,Faisalabad,Lahore
13,534,Ahmed Malik,Female,48,Doctor,28-10-24 13:45,28-10-24 16:00,1550,Faisalabad,Lahore
13,535,Zain Jutt,Male,63,Student,28-10-24 13:45,28-10-24 16:00,1550,Faisalabad,Lahore
13,536,Ahmed Bhatti,Female,30,Student,28-10-24 13:45,28-10-24 16:00,1550,Faisalabad,Lahore
13,537,Fatima Jutt,Male,13,Teacher,28-10-24 13:45,28-10-24 16:00,1550,Faisalabad,Lahore
13,538,Sara Sheikh,Female,55,Student,28-10-24 13:45,28-10-24 16:00,1550,Faisalabad,Lahore
13,539,Ahmed Jutt,Female,62,Businessperson,28-10-24 13:45,28-10-24 16:00,1550,Lahore,Faisalabad
13,540,Ali Sheikh,Female,48,Businessperson,28-10-24 13:45,28-10-24 16:00,1550,Faisalabad,Lahore
13,541,Zain Jutt,Male,24,Doctor,28-10-24 13:45,28-10-24 16:00,1550,Faisalabad,Lahore
13,542,Fatima Khan,Male,61,Teacher,28-10-24 13:45,28-10-24 16:00,1550,Faisalabad,Lahore
13,543,Sara Khan,Male,53,Businessperson,28-10-24 13:45,28-10-24 16:00,1550,Faisalabad,Lahore
13,544,Zain Sheikh,Female,64,Teacher,28-10-24 13:45,28-10-24 16:00,1550,Faisalabad,Lahore
13,545,Ahmed Khan,Male,7,Student,28-10-24 13:45,28-10-24 16:00,1550,Lahore,Faisalabad
13,546,Ahmed Jutt,Male,47,Student,28-10-24 13:45,28-10-24 16:00,1550,Faisalabad,Lahore
13,547,Sara Khan,Female,44,Teacher,28-10-24 13:45,28-10-24 16:00,1550,Lahore,Faisalabad
13,548,Fatima Malik,Female,38,Businessperson,28-10-24 13:45,28-10-24 16:00,1550,Lahore,Faisalabad
13,549,Zain Sheikh,Female,55,Student,28-10-24 13:45,28-10-24 16:00,1550,Lahore,Faisalabad
13,550,Ali Khan,Male,59,Businessperson,28-10-24 13:45,28-10-24 16:00,1550,Faisalabad,Lahore
13,551,Zain Khan,Female,23,Engineer,28-10-24 13:45,28-10-24 16:00,1550,Lahore,Faisalabad
13,552,Sara Jutt,Male,35,Teacher,28-10-24 13:45,28-10-24 16:00,1550,Faisalabad,Lahore
13,553,Ali Jutt,Male,12,Businessperson,28-10-24 13:45,28-10-24 16:00,1550,Lahore,Faisalabad
13,554,Ahmed Sheikh,Male,64,Businessperson,28-10-24 13:45,28-10-24 16:00,1550,Lahore,Faisalabad
13,555,Fatima Malik,Male,45,Teacher,28-10-24 13:45,28-10-24 16:00,1550,Lahore,Faisalabad
13,556,Ahmed Sheikh,Female,77,Doctor,28-10-24 13:45,28-10-24 16:00,1550,Faisalabad,Lahore
13,557,Sara Malik,Male,23,Teacher,28-10-24 13:45,28-10-24 16:00,1550,Lahore,Faisalabad
13,558,Zain Jutt,Female,70,Student,28-10-24 13:45,28-10-24 16:00,1550,Lahore,Faisalabad
13,559,Ahmed Jutt,Male,19,Businessperson,28-10-24 13:45,28-10-24 16:00,1550,Faisalabad,Lahore
13,560,Ali Jutt,Female,9,Engineer,28-10-24 13:45,28-10-24 16:00,1550,Faisalabad,Lahore
13,561,Sara Jutt,Female,15,Businessperson,28-10-24 13:45,28-10-24 16:00,1550,Faisalabad,Lahore
13,562,Fatima Malik,Male,61,Student,28-10-24 13:45,28-10-24 16:00,1550,Faisalabad,Lahore
13,563,Ali Khan,Male,43,Student,28-10-24 13:45,28-10-24 16:00,1550,Lahore,Faisalabad
13,564,Zain Sheikh,Male,60,Student,28-10-24 13:45,28-10-24 16:00,1550,Lahore,Faisalabad
13,565,Ali Malik,Male,39,Doctor,28-10-24 13:45,28-10-24 16:00,1550,Lahore,Faisalabad
13,566,Fatima Sheikh,Male,14,Engineer,28-10-24 13:45,28-10-24 16:00,1550,Faisalabad,Lahore
13,567,Zain Sheikh,Male,42,Doctor,28-10-24 13:45,28-10-24 16:00,1550,Faisalabad,Lahore
13,568,Sara Sheikh,Female,65,Businessperson,28-10-24 13:45,28-10-24 16:00,1550,Lahore,Faisalabad
13,569,Fatima Bhatti,Female,71,Engineer,28-10-24 13:45,28-10-24 16:00,1550,Lahore,Faisalabad
13,570,Ali Khan,Male,25,Businessperson,28-10-24 13:45,28-10-24 16:00,1550,Lahore,Faisalabad
13,571,Zain Sheikh,Male,74,Teacher,28-10-24 13:45,28-10-24 16:00,1550,Lahore,Faisalabad
13,572,Sara Khan,Female,31,Teacher,28-10-24 13:45,28-10-24 16:00,1550,Lahore,Faisalabad
14,573,Ali Khan,Male,53,Engineer,28-10-24 16:30,28-10-24 18:45,1550,Lahore,Faisalabad
14,574,Ahmed Jutt,Female,52,Doctor,28-10-24 16:30,28-10-24 18:45,1550,Lahore,Faisalabad
14,575,Ahmed Sheikh,Female,7,Student,28-10-24 16:30,28-10-24 18:45,1550,Lahore,Faisalabad
14,576,Zain Malik,Male,38,Teacher,28-10-24 16:30,28-10-24 18:45,1550,Faisalabad,Lahore
14,577,Ahmed Bhatti,Male,66,Doctor,28-10-24 16:30,28-10-24 18:45,1550,Lahore,Faisalabad
14,578,Ali Malik,Female,27,Teacher,28-10-24 16:30,28-10-24 18:45,1550,Lahore,Faisalabad
14,579,Ali Khan,Male,11,Teacher,28-10-24 16:30,28-10-24 18:45,1550,Lahore,Faisalabad
14,580,Ahmed Bhatti,Female,23,Doctor,28-10-24 16:30,28-10-24 18:45,1550,Faisalabad,Lahore
14,581,Ali Jutt,Male,35,Student,28-10-24 16:30,28-10-24 18:45,1550,Faisalabad,Lahore
14,582,Sara Bhatti,Male,78,Teacher,28-10-24 16:30,28-10-24 18:45,1550,Lahore,Faisalabad
14,583,Ali Bhatti,Male,16,Businessperson,28-10-24 16:30,28-10-24 18:45,1550,Lahore,Faisalabad
14,584,Fatima Bhatti,Male,31,Student,28-10-24 16:30,28-10-24 18:45,1550,Faisalabad,Lahore
14,585,Ahmed Bhatti,Female,57,Teacher,28-10-24 16:30,28-10-24 18:45,1550,Faisalabad,Lahore
14,586,Sara Malik,Male,62,Student,28-10-24 16:30,28-10-24 18:45,1550,Faisalabad,Lahore
14,587,Zain Jutt,Male,40,Student,28-10-24 16:30,28-10-24 18:45,1550,Faisalabad,Lahore
14,588,Sara Jutt,Male,14,Engineer,28-10-24 16:30,28-10-24 18:45,1550,Faisalabad,Lahore
14,589,Fatima Bhatti,Male,66,Teacher,28-10-24 16:30,28-10-24 18:45,1550,Lahore,Faisalabad
14,590,Zain Jutt,Female,16,Engineer,28-10-24 16:30,28-10-24 18:45,1550,Lahore,Faisalabad
14,591,Zain Bhatti,Female,23,Teacher,28-10-24 16:30,28-10-24 18:45,1550,Lahore,Faisalabad
14,592,Zain Jutt,Male,33,Student,28-10-24 16:30,28-10-24 18:45,1550,Faisalabad,Lahore
14,593,Zain Malik,Female,48,Engineer,28-10-24 16:30,28-10-24 18:45,1550,Faisalabad,Lahore
14,594,Zain Malik,Male,16,Engineer,28-10-24 16:30,28-10-24 18:45,1550,Faisalabad,Lahore
14,595,Zain Malik,Male,25,Doctor,28-10-24 16:30,28-10-24 18:45,1550,Lahore,Faisalabad
14,596,Fatima Khan,Female,47,Doctor,28-10-24 16:30,28-10-24 18:45,1550,Lahore,Faisalabad
14,597,Zain Malik,Female,6,Teacher,28-10-24 16:30,28-10-24 18:45,1550,Faisalabad,Lahore
14,598,Sara Sheikh,Female,23,Student,28-10-24 16:30,28-10-24 18:45,1550,Lahore,Faisalabad
14,599,Ahmed Bhatti,Male,20,Doctor,28-10-24 16:30,28-10-24 18:45,1550,Lahore,Faisalabad
14,600,Ahmed Bhatti,Male,47,Doctor,28-10-24 16:30,28-10-24 18:45,1550,Faisalabad,Lahore
14,601,Ahmed Malik,Male,36,Teacher,28-10-24 16:30,28-10-24 18:45,1550,Faisalabad,Lahore
14,602,Ahmed Jutt,Female,62,Teacher,28-10-24 16:30,28-10-24 18:45,1550,Lahore,Faisalabad
14,603,Ali Khan,Female,46,Doctor,28-10-24 16:30,28-10-24 18:45,1550,Lahore,Faisalabad
14,604,Fatima Bhatti,Male,65,Businessperson,28-10-24 16:30,28-10-24 18:45,1550,Faisalabad,Lahore
14,605,Fatima Sheikh,Female,33,Teacher,28-10-24 16:30,28-10-24 18:45,1550,Lahore,Faisalabad
14,606,Sara Sheikh,Female,44,Doctor,28-10-24 16:30,28-10-24 18:45,1550,Faisalabad,Lahore
14,607,Zain Bhatti,Male,47,Engineer,28-10-24 16:30,28-10-24 18:45,1550,Lahore,Faisalabad
14,608,Fatima Jutt,Male,78,Teacher,28-10-24 16:30,28-10-24 18:45,1550,Lahore,Faisalabad
14,609,Ahmed Sheikh,Female,28,Businessperson,28-10-24 16:30,28-10-24 18:45,1550,Faisalabad,Lahore
14,610,Zain Sheikh,Female,75,Engineer,28-10-24 16:30,28-10-24 18:45,1550,Lahore,Faisalabad
14,611,Sara Malik,Male,79,Doctor,28-10-24 16:30,28-10-24 18:45,1550,Faisalabad,Lahore
14,612,Fatima Sheikh,Male,78,Teacher,28-10-24 16:30,28-10-24 18:45,1550,Faisalabad,Lahore
14,613,Sara Sheikh,Female,7,Doctor,28-10-24 16:30,28-10-24 18:45,1550,Faisalabad,Lahore
14,614,Sara Khan,Female,55,Businessperson,28-10-24 16:30,28-10-24 18:45,1550,Lahore,Faisalabad
14,615,Fatima Malik,Male,79,Businessperson,28-10-24 16:30,28-10-24 18:45,1550,Faisalabad,Lahore
14,616,Ahmed Malik,Male,61,Teacher,28-10-24 16:30,28-10-24 18:45,1550,Lahore,Faisalabad
15,617,Ali Bhatti,Male,69,Engineer,28-10-24 19:15,28-10-24 21:30,1550,Lahore,Faisalabad
15,618,Sara Jutt,Female,45,Businessperson,28-10-24 19:15,28-10-24 21:30,1550,Lahore,Faisalabad
15,619,Ahmed Sheikh,Male,15,Teacher,28-10-24 19:15,28-10-24 21:30,1550,Lahore,Faisalabad
15,620,Ahmed Malik,Male,76,Doctor,28-10-24 19:15,28-10-24 21:30,1550,Faisalabad,Lahore
15,621,Fatima Jutt,Female,64,Student,28-10-24 19:15,28-10-24 21:30,1550,Lahore,Faisalabad
15,622,Ali Malik,Male,52,Student,28-10-24 19:15,28-10-24 21:30,1550,Lahore,Faisalabad
15,623,Fatima Sheikh,Female,66,Teacher,28-10-24 19:15,28-10-24 21:30,1550,Lahore,Faisalabad
15,624,Zain Jutt,Female,49,Businessperson,28-10-24 19:15,28-10-24 21:30,1550,Lahore,Faisalabad
15,625,Zain Sheikh,Female,25,Doctor,28-10-24 19:15,28-10-24 21:30,1550,Lahore,Faisalabad
15,626,Sara Khan,Male,54,Student,28-10-24 19:15,28-10-24 21:30,1550,Faisalabad,Lahore
15,627,Zain Bhatti,Female,43,Teacher,28-10-24 19:15,28-10-24 21:30,1550,Faisalabad,Lahore
15,628,Ali Jutt,Female,21,Student,28-10-24 19:15,28-10-24 21:30,1550,Faisalabad,Lahore
15,629,Fatima Jutt,Male,44,Teacher,28-10-24 19:15,28-10-24 21:30,1550,Lahore,Faisalabad
15,630,Ahmed Sheikh,Male,58,Businessperson,28-10-24 19:15,28-10-24 21:30,1550,Lahore,Faisalabad
15,631,Sara Khan,Male,69,Teacher,28-10-24 19:15,28-10-24 21:30,1550,Lahore,Faisalabad
15,632,Ali Malik,Female,72,Student,28-10-24 19:15,28-10-24 21:30,1550,Lahore,Faisalabad
15,633,Zain Malik,Male,74,Engineer,28-10-24 19:15,28-10-24 21:30,1550,Lahore,Faisalabad
15,634,Zain Khan,Male,42,Student,28-10-24 19:15,28-10-24 21:30,1550,Faisalabad,Lahore
15,635,Sara Sheikh,Male,16,Engineer,28-10-24 19:15,28-10-24 21:30,1550,Lahore,Faisalabad
15,636,Zain Khan,Female,70,Businessperson,28-10-24 19:15,28-10-24 21:30,1550,Faisalabad,Lahore
15,637,Zain Bhatti,Male,8,Engineer,28-10-24 19:15,28-10-24 21:30,1550,Lahore,Faisalabad
15,638,Sara Jutt,Female,75,Engineer,28-10-24 19:15,28-10-24 21:30,1550,Faisalabad,Lahore
15,639,Fatima Malik,Male,39,Businessperson,28-10-24 19:15,28-10-24 21:30,1550,Faisalabad,Lahore
15,640,Fatima Jutt,Male,64,Businessperson,28-10-24 19:15,28-10-24 21:30,1550,Faisalabad,Lahore
15,641,Sara Sheikh,Female,23,Student,28-10-24 19:15,28-10-24 21:30,1550,Faisalabad,Lahore
15,642,Sara Malik,Female,14,Businessperson,28-10-24 19:15,28-10-24 21:30,1550,Faisalabad,Lahore
15,643,Sara Bhatti,Male,18,Teacher,28-10-24 19:15,28-10-24 21:30,1550,Lahore,Faisalabad
15,644,Ali Bhatti,Male,76,Businessperson,28-10-24 19:15,28-10-24 21:30,1550,Faisalabad,Lahore
15,645,Zain Jutt,Female,35,Engineer,28-10-24 19:15,28-10-24 21:30,1550,Lahore,Faisalabad
15,646,Zain Khan,Female,75,Teacher,28-10-24 19:15,28-10-24 21:30,1550,Lahore,Faisalabad
15,647,Ahmed Sheikh,Male,55,Student,28-10-24 19:15,28-10-24 21:30,1550,Lahore,Faisalabad
15,648,Fatima Bhatti,Male,13,Engineer,28-10-24 19:15,28-10-24 21:30,1550,Faisalabad,Lahore
15,649,Fatima Jutt,Male,56,Engineer,28-10-24 19:15,28-10-24 21:30,1550,Faisalabad,Lahore
15,650,Ahmed Jutt,Male,31,Engineer,28-10-24 19:15,28-10-24 21:30,1550,Faisalabad,Lahore
15,651,Sara Bhatti,Female,15,Businessperson,28-10-24 19:15,28-10-24 21:30,1550,Lahore,Faisalabad
15,652,Ali Jutt,Male,39,Teacher,28-10-24 19:15,28-10-24 21:30,1550,Faisalabad,Lahore
15,653,Ahmed Khan,Male,58,Student,28-10-24 19:15,28-10-24 21:30,1550,Faisalabad,Lahore
15,654,Sara Bhatti,Male,30,Doctor,28-10-24 19:15,28-10-24 21:30,1550,Faisalabad,Lahore
15,655,Sara Bhatti,Female,73,Student,28-10-24 19:15,28-10-24 21:30,1550,Faisalabad,Lahore
15,656,Sara Bhatti,Female,15,Teacher,28-10-24 19:15,28-10-24 21:30,1550,Lahore,Faisalabad
15,657,Fatima Malik,Female,67,Student,28-10-24 19:15,28-10-24 21:30,1550,Faisalabad,Lahore
15,658,Sara Bhatti,Male,39,Student,28-10-24 19:15,28-10-24 21:30,1550,Lahore,Faisalabad
15,659,Sara Khan,Male,54,Doctor,28-10-24 19:15,28-10-24 21:30,1550,Faisalabad,Lahore
15,660,Ahmed Malik,Male,67,Engineer,28-10-24 19:15,28-10-24 21:30,1550,Faisalabad,Lahore
16,661,Ali Jutt,Female,27,Teacher,28-10-24 22:00,29-10-24 0:15,1550,Lahore,Faisalabad
16,662,Zain Malik,Female,30,Engineer,28-10-24 22:00,29-10-24 0:15,1550,Faisalabad,Lahore
16,663,Ahmed Khan,Male,12,Businessperson,28-10-24 22:00,29-10-24 0:15,1550,Lahore,Faisalabad
16,664,Ahmed Jutt,Male,57,Businessperson,28-10-24 22:00,29-10-24 0:15,1550,Faisalabad,Lahore
16,665,Sara Jutt,Female,73,Businessperson,28-10-24 22:00,29-10-24 0:15,1550,Lahore,Faisalabad
16,666,Sara Jutt,Female,33,Doctor,28-10-24 22:00,29-10-24 0:15,1550,Faisalabad,Lahore
16,667,Fatima Khan,Male,79,Doctor,28-10-24 22:00,29-10-24 0:15,1550,Lahore,Faisalabad
16,668,Ali Jutt,Male,24,Engineer,28-10-24 22:00,29-10-24 0:15,1550,Lahore,Faisalabad
16,669,Ali Bhatti,Female,26,Student,28-10-24 22:00,29-10-24 0:15,1550,Faisalabad,Lahore
16,670,Fatima Sheikh,Male,28,Teacher,28-10-24 22:00,29-10-24 0:15,1550,Faisalabad,Lahore
16,671,Sara Malik,Female,36,Doctor,28-10-24 22:00,29-10-24 0:15,1550,Faisalabad,Lahore
16,672,Fatima Sheikh,Female,58,Engineer,28-10-24 22:00,29-10-24 0:15,1550,Lahore,Faisalabad
16,673,Fatima Malik,Male,48,Doctor,28-10-24 22:00,29-10-24 0:15,1550,Lahore,Faisalabad
16,674,Ali Jutt,Male,25,Engineer,28-10-24 22:00,29-10-24 0:15,1550,Lahore,Faisalabad
16,675,Ali Bhatti,Female,6,Student,28-10-24 22:00,29-10-24 0:15,1550,Faisalabad,Lahore
16,676,Fatima Bhatti,Male,9,Engineer,28-10-24 22:00,29-10-24 0:15,1550,Faisalabad,Lahore
16,677,Fatima Jutt,Male,35,Engineer,28-10-24 22:00,29-10-24 0:15,1550,Lahore,Faisalabad
16,678,Ali Bhatti,Female,45,Engineer,28-10-24 22:00,29-10-24 0:15,1550,Lahore,Faisalabad
16,679,Zain Malik,Male,14,Doctor,28-10-24 22:00,29-10-24 0:15,1550,Lahore,Faisalabad
16,680,Ahmed Malik,Male,66,Doctor,28-10-24 22:00,29-10-24 0:15,1550,Lahore,Faisalabad
16,681,Sara Malik,Female,6,Engineer,28-10-24 22:00,29-10-24 0:15,1550,Faisalabad,Lahore
16,682,Ali Malik,Female,30,Engineer,28-10-24 22:00,29-10-24 0:15,1550,Faisalabad,Lahore
16,683,Ahmed Khan,Female,31,Doctor,28-10-24 22:00,29-10-24 0:15,1550,Lahore,Faisalabad
16,684,Ali Khan,Male,78,Doctor,28-10-24 22:00,29-10-24 0:15,1550,Faisalabad,Lahore
16,685,Ali Bhatti,Male,44,Engineer,28-10-24 22:00,29-10-24 0:15,1550,Lahore,Faisalabad
16,686,Ahmed Malik,Male,32,Doctor,28-10-24 22:00,29-10-24 0:15,1550,Lahore,Faisalabad
16,687,Sara Sheikh,Male,65,Student,28-10-24 22:00,29-10-24 0:15,1550,Lahore,Faisalabad
16,688,Fatima Bhatti,Female,75,Teacher,28-10-24 22:00,29-10-24 0:15,1550,Lahore,Faisalabad
16,689,Ali Sheikh,Female,33,Businessperson,28-10-24 22:00,29-10-24 0:15,1550,Faisalabad,Lahore
16,690,Fatima Jutt,Male,70,Teacher,28-10-24 22:00,29-10-24 0:15,1550,Lahore,Faisalabad
16,691,Ali Malik,Male,75,Student,28-10-24 22:00,29-10-24 0:15,1550,Lahore,Faisalabad
16,692,Sara Bhatti,Female,46,Doctor,28-10-24 22:00,29-10-24 0:15,1550,Faisalabad,Lahore
16,693,Ali Khan,Male,66,Teacher,28-10-24 22:00,29-10-24 0:15,1550,Faisalabad,Lahore
16,694,Zain Malik,Male,50,Engineer,28-10-24 22:00,29-10-24 0:15,1550,Lahore,Faisalabad
16,695,Zain Malik,Male,10,Doctor,28-10-24 22:00,29-10-24 0:15,1550,Lahore,Faisalabad
16,696,Fatima Sheikh,Male,73,Businessperson,28-10-24 22:00,29-10-24 0:15,1550,Faisalabad,Lahore
16,697,Fatima Bhatti,Female,36,Student,28-10-24 22:00,29-10-24 0:15,1550,Lahore,Faisalabad
16,698,Ali Malik,Female,46,Student,28-10-24 22:00,29-10-24 0:15,1550,Faisalabad,Lahore
16,699,Ali Bhatti,Male,60,Teacher,28-10-24 22:00,29-10-24 0:15,1550,Faisalabad,Lahore
16,700,Ahmed Bhatti,Female,51,Student,28-10-24 22:00,29-10-24 0:15,1550,Lahore,Faisalabad
16,701,Ali Jutt,Female,24,Student,28-10-24 22:00,29-10-24 0:15,1550,Faisalabad,Lahore
16,702,Zain Malik,Female,41,Businessperson,28-10-24 22:00,29-10-24 0:15,1550,Faisalabad,Lahore
16,703,Sara Jutt,Female,11,Engineer,28-10-24 22:00,29-10-24 0:15,1550,Lahore,Faisalabad
16,704,Ahmed Bhatti,Female,46,Student,28-10-24 22:00,29-10-24 0:15,1550,Lahore,Faisalabad
17,705,Ali Jutt,Female,70,Doctor,29-10-24 0:45,29-10-24 3:00,1550,Faisalabad,Lahore
17,706,Ahmed Bhatti,Female,75,Engineer,29-10-24 0:45,29-10-24 3:00,1550,Faisalabad,Lahore
17,707,Ahmed Jutt,Male,31,Engineer,29-10-24 0:45,29-10-24 3:00,1550,Faisalabad,Lahore
17,708,Zain Jutt,Female,45,Engineer,29-10-24 0:45,29-10-24 3:00,1550,Faisalabad,Lahore
17,709,Ahmed Malik,Male,7,Teacher,29-10-24 0:45,29-10-24 3:00,1550,Lahore,Faisalabad
17,710,Ali Bhatti,Female,51,Businessperson,29-10-24 0:45,29-10-24 3:00,1550,Lahore,Faisalabad
17,711,Ahmed Jutt,Male,55,Doctor,29-10-24 0:45,29-10-24 3:00,1550,Lahore,Faisalabad
17,712,Zain Khan,Female,72,Student,29-10-24 0:45,29-10-24 3:00,1550,Lahore,Faisalabad
17,713,Ahmed Bhatti,Female,8,Teacher,29-10-24 0:45,29-10-24 3:00,1550,Lahore,Faisalabad
17,714,Ahmed Malik,Female,23,Teacher,29-10-24 0:45,29-10-24 3:00,1550,Lahore,Faisalabad
17,715,Ali Sheikh,Female,68,Teacher,29-10-24 0:45,29-10-24 3:00,1550,Lahore,Faisalabad
17,716,Zain Khan,Female,9,Doctor,29-10-24 0:45,29-10-24 3:00,1550,Lahore,Faisalabad
17,717,Sara Bhatti,Female,12,Doctor,29-10-24 0:45,29-10-24 3:00,1550,Faisalabad,Lahore
17,718,Fatima Khan,Male,22,Businessperson,29-10-24 0:45,29-10-24 3:00,1550,Lahore,Faisalabad
17,719,Ahmed Jutt,Male,54,Teacher,29-10-24 0:45,29-10-24 3:00,1550,Lahore,Faisalabad
17,720,Zain Khan,Female,32,Businessperson,29-10-24 0:45,29-10-24 3:00,1550,Lahore,Faisalabad
17,721,Ali Sheikh,Female,54,Teacher,29-10-24 0:45,29-10-24 3:00,1550,Lahore,Faisalabad
17,722,Sara Khan,Female,15,Teacher,29-10-24 0:45,29-10-24 3:00,1550,Lahore,Faisalabad
17,723,Fatima Bhatti,Female,44,Businessperson,29-10-24 0:45,29-10-24 3:00,1550,Lahore,Faisalabad
17,724,Sara Sheikh,Male,48,Businessperson,29-10-24 0:45,29-10-24 3:00,1550,Lahore,Faisalabad
17,725,Sara Sheikh,Female,26,Businessperson,29-10-24 0:45,29-10-24 3:00,1550,Faisalabad,Lahore
17,726,Ahmed Jutt,Male,46,Businessperson,29-10-24 0:45,29-10-24 3:00,1550,Faisalabad,Lahore
17,727,Sara Malik,Male,15,Teacher,29-10-24 0:45,29-10-24 3:00,1550,Faisalabad,Lahore
17,728,Ahmed Malik,Male,47,Student,29-10-24 0:45,29-10-24 3:00,1550,Lahore,Faisalabad
17,729,Fatima Jutt,Male,72,Engineer,29-10-24 0:45,29-10-24 3:00,1550,Lahore,Faisalabad
17,730,Zain Bhatti,Male,75,Teacher,29-10-24 0:45,29-10-24 3:00,1550,Lahore,Faisalabad
17,731,Zain Malik,Female,47,Doctor,29-10-24 0:45,29-10-24 3:00,1550,Lahore,Faisalabad
17,732,Ali Sheikh,Female,36,Doctor,29-10-24 0:45,29-10-24 3:00,1550,Faisalabad,Lahore
17,733,Ali Sheikh,Male,67,Businessperson,29-10-24 0:45,29-10-24 3:00,1550,Faisalabad,Lahore
17,734,Sara Bhatti,Female,70,Teacher,29-10-24 0:45,29-10-24 3:00,1550,Lahore,Faisalabad
17,735,Sara Khan,Female,47,Student,29-10-24 0:45,29-10-24 3:00,1550,Faisalabad,Lahore
17,736,Ahmed Khan,Female,12,Engineer,29-10-24 0:45,29-10-24 3:00,1550,Lahore,Faisalabad
17,737,Fatima Bhatti,Male,61,Businessperson,29-10-24 0:45,29-10-24 3:00,1550,Faisalabad,Lahore
17,738,Ahmed Malik,Female,7,Student,29-10-24 0:45,29-10-24 3:00,1550,Faisalabad,Lahore
17,739,Ahmed Sheikh,Female,36,Student,29-10-24 0:45,29-10-24 3:00,1550,Lahore,Faisalabad
17,740,Zain Jutt,Male,30,Teacher,29-10-24 0:45,29-10-24 3:00,1550,Faisalabad,Lahore
17,741,Fatima Bhatti,Male,56,Teacher,29-10-24 0:45,29-10-24 3:00,1550,Lahore,Faisalabad
17,742,Ahmed Sheikh,Female,78,Businessperson,29-10-24 0:45,29-10-24 3:00,1550,Faisalabad,Lahore
17,743,Ahmed Sheikh,Female,48,Businessperson,29-10-24 0:45,29-10-24 3:00,1550,Lahore,Faisalabad
17,744,Ahmed Sheikh,Female,42,Businessperson,29-10-24 0:45,29-10-24 3:00,1550,Lahore,Faisalabad
17,745,Zain Khan,Female,7,Teacher,29-10-24 0:45,29-10-24 3:00,1550,Lahore,Faisalabad
17,746,Sara Bhatti,Female,61,Doctor,29-10-24 0:45,29-10-24 3:00,1550,Faisalabad,Lahore
17,747,Ahmed Jutt,Male,56,Teacher,29-10-24 0:45,29-10-24 3:00,1550,Faisalabad,Lahore
17,748,Ali Malik,Female,72,Student,29-10-24 0:45,29-10-24 3:00,1550,Lahore,Faisalabad
18,749,Zain Malik,Female,43,Student,29-10-24 3:30,29-10-24 5:45,1550,Lahore,Faisalabad
18,750,Sara Jutt,Female,77,Student,29-10-24 3:30,29-10-24 5:45,1550,Faisalabad,Lahore
18,751,Sara Khan,Male,56,Teacher,29-10-24 3:30,29-10-24 5:45,1550,Faisalabad,Lahore
18,752,Ali Khan,Male,8,Engineer,29-10-24 3:30,29-10-24 5:45,1550,Lahore,Faisalabad
18,753,Sara Khan,Male,32,Student,29-10-24 3:30,29-10-24 5:45,1550,Lahore,Faisalabad
18,754,Zain Jutt,Female,34,Businessperson,29-10-24 3:30,29-10-24 5:45,1550,Faisalabad,Lahore
18,755,Zain Malik,Male,60,Student,29-10-24 3:30,29-10-24 5:45,1550,Lahore,Faisalabad
18,756,Fatima Bhatti,Female,33,Doctor,29-10-24 3:30,29-10-24 5:45,1550,Faisalabad,Lahore
18,757,Ahmed Jutt,Male,67,Engineer,29-10-24 3:30,29-10-24 5:45,1550,Lahore,Faisalabad
18,758,Zain Sheikh,Female,71,Doctor,29-10-24 3:30,29-10-24 5:45,1550,Lahore,Faisalabad
18,759,Ahmed Bhatti,Female,33,Teacher,29-10-24 3:30,29-10-24 5:45,1550,Lahore,Faisalabad
18,760,Zain Bhatti,Male,43,Engineer,29-10-24 3:30,29-10-24 5:45,1550,Lahore,Faisalabad
18,761,Sara Sheikh,Male,6,Student,29-10-24 3:30,29-10-24 5:45,1550,Faisalabad,Lahore
18,762,Fatima Khan,Female,36,Businessperson,29-10-24 3:30,29-10-24 5:45,1550,Lahore,Faisalabad
18,763,Ali Sheikh,Male,19,Student,29-10-24 3:30,29-10-24 5:45,1550,Lahore,Faisalabad
18,764,Ali Malik,Male,44,Teacher,29-10-24 3:30,29-10-24 5:45,1550,Lahore,Faisalabad
18,765,Zain Bhatti,Female,67,Student,29-10-24 3:30,29-10-24 5:45,1550,Faisalabad,Lahore
18,766,Fatima Bhatti,Female,65,Teacher,29-10-24 3:30,29-10-24 5:45,1550,Lahore,Faisalabad
18,767,Ahmed Jutt,Male,77,Engineer,29-10-24 3:30,29-10-24 5:45,1550,Lahore,Faisalabad
18,768,Fatima Bhatti,Female,11,Engineer,29-10-24 3:30,29-10-24 5:45,1550,Faisalabad,Lahore
18,769,Fatima Jutt,Female,74,Engineer,29-10-24 3:30,29-10-24 5:45,1550,Faisalabad,Lahore
18,770,Fatima Bhatti,Male,60,Engineer,29-10-24 3:30,29-10-24 5:45,1550,Lahore,Faisalabad
18,771,Fatima Jutt,Female,49,Businessperson,29-10-24 3:30,29-10-24 5:45,1550,Lahore,Faisalabad
18,772,Fatima Malik,Male,30,Engineer,29-10-24 3:30,29-10-24 5:45,1550,Lahore,Faisalabad
18,773,Fatima Jutt,Male,7,Teacher,29-10-24 3:30,29-10-24 5:45,1550,Faisalabad,Lahore
18,774,Fatima Sheikh,Female,20,Student,29-10-24 3:30,29-10-24 5:45,1550,Faisalabad,Lahore
18,775,Ali Jutt,Female,74,Engineer,29-10-24 3:30,29-10-24 5:45,1550,Faisalabad,Lahore
18,776,Ali Malik,Female,15,Businessperson,29-10-24 3:30,29-10-24 5:45,1550,Faisalabad,Lahore
18,777,Ali Jutt,Male,5,Businessperson,29-10-24 3:30,29-10-24 5:45,1550,Lahore,Faisalabad
18,778,Sara Malik,Male,60,Teacher,29-10-24 3:30,29-10-24 5:45,1550,Lahore,Faisalabad
18,779,Sara Khan,Male,26,Engineer,29-10-24 3:30,29-10-24 5:45,1550,Faisalabad,Lahore
18,780,Zain Bhatti,Male,13,Businessperson,29-10-24 3:30,29-10-24 5:45,1550,Faisalabad,Lahore
18,781,Sara Sheikh,Male,22,Businessperson,29-10-24 3:30,29-10-24 5:45,1550,Faisalabad,Lahore
18,782,Ali Malik,Female,17,Teacher,29-10-24 3:30,29-10-24 5:45,1550,Faisalabad,Lahore
18,783,Fatima Malik,Female,36,Engineer,29-10-24 3:30,29-10-24 5:45,1550,Lahore,Faisalabad
18,784,Ahmed Bhatti,Male,56,Engineer,29-10-24 3:30,29-10-24 5:45,1550,Lahore,Faisalabad
18,785,Ali Sheikh,Male,70,Engineer,29-10-24 3:30,29-10-24 5:45,1550,Lahore,Faisalabad
18,786,Sara Malik,Female,57,Engineer,29-10-24 3:30,29-10-24 5:45,1550,Lahore,Faisalabad
18,787,Ahmed Khan,Male,48,Doctor,29-10-24 3:30,29-10-24 5:45,1550,Faisalabad,Lahore
18,788,Ali Khan,Male,14,Engineer,29-10-24 3:30,29-10-24 5:45,1550,Faisalabad,Lahore
18,789,Sara Sheikh,Male,51,Engineer,29-10-24 3:30,29-10-24 5:45,1550,Faisalabad,Lahore
18,790,Sara Malik,Female,62,Teacher,29-10-24 3:30,29-10-24 5:45,1550,Faisalabad,Lahore
18,791,Zain Khan,Female,75,Businessperson,29-10-24 3:30,29-10-24 5:45,1550,Lahore,Faisalabad
18,792,Ali Khan,Female,8,Businessperson,29-10-24 3:30,29-10-24 5:45,1550,Faisalabad,Lahore
19,793,Fatima Malik,Female,40,Businessperson,29-10-24 6:15,29-10-24 8:30,1550,Lahore,Faisalabad
19,794,Ahmed Khan,Male,70,Teacher,29-10-24 6:15,29-10-24 8:30,1550,Faisalabad,Lahore
19,795,Sara Malik,Male,15,Engineer,29-10-24 6:15,29-10-24 8:30,1550,Lahore,Faisalabad
19,796,Fatima Bhatti,Male,27,Teacher,29-10-24 6:15,29-10-24 8:30,1550,Lahore,Faisalabad
19,797,Zain Khan,Female,19,Engineer,29-10-24 6:15,29-10-24 8:30,1550,Lahore,Faisalabad
19,798,Zain Malik,Female,26,Student,29-10-24 6:15,29-10-24 8:30,1550,Faisalabad,Lahore
19,799,Ahmed Jutt,Female,70,Doctor,29-10-24 6:15,29-10-24 8:30,1550,Lahore,Faisalabad
19,800,Ali Bhatti,Male,53,Student,29-10-24 6:15,29-10-24 8:30,1550,Faisalabad,Lahore
19,801,Sara Khan,Male,9,Teacher,29-10-24 6:15,29-10-24 8:30,1550,Faisalabad,Lahore
19,802,Ahmed Jutt,Female,7,Engineer,29-10-24 6:15,29-10-24 8:30,1550,Faisalabad,Lahore
19,803,Zain Khan,Female,28,Student,29-10-24 6:15,29-10-24 8:30,1550,Lahore,Faisalabad
19,804,Zain Bhatti,Male,37,Teacher,29-10-24 6:15,29-10-24 8:30,1550,Lahore,Faisalabad
19,805,Sara Khan,Female,71,Businessperson,29-10-24 6:15,29-10-24 8:30,1550,Faisalabad,Lahore
19,806,Ahmed Jutt,Female,77,Engineer,29-10-24 6:15,29-10-24 8:30,1550,Faisalabad,Lahore
19,807,Fatima Sheikh,Female,6,Engineer,29-10-24 6:15,29-10-24 8:30,1550,Lahore,Faisalabad
19,808,Ahmed Sheikh,Female,24,Engineer,29-10-24 6:15,29-10-24 8:30,1550,Faisalabad,Lahore
19,809,Ali Sheikh,Male,55,Teacher,29-10-24 6:15,29-10-24 8:30,1550,Faisalabad,Lahore
19,810,Ahmed Sheikh,Male,53,Doctor,29-10-24 6:15,29-10-24 8:30,1550,Lahore,Faisalabad
19,811,Zain Bhatti,Female,41,Doctor,29-10-24 6:15,29-10-24 8:30,1550,Lahore,Faisalabad
19,812,Fatima Malik,Female,26,Businessperson,29-10-24 6:15,29-10-24 8:30,1550,Lahore,Faisalabad
19,813,Fatima Malik,Male,39,Doctor,29-10-24 6:15,29-10-24 8:30,1550,Lahore,Faisalabad
19,814,Ali Sheikh,Female,41,Student,29-10-24 6:15,29-10-24 8:30,1550,Faisalabad,Lahore
19,815,Sara Jutt,Female,63,Student,29-10-24 6:15,29-10-24 8:30,1550,Faisalabad,Lahore
19,816,Zain Bhatti,Male,15,Doctor,29-10-24 6:15,29-10-24 8:30,1550,Faisalabad,Lahore
19,817,Zain Jutt,Male,9,Businessperson,29-10-24 6:15,29-10-24 8:30,1550,Faisalabad,Lahore
19,818,Fatima Malik,Male,31,Businessperson,29-10-24 6:15,29-10-24 8:30,1550,Lahore,Faisalabad
19,819,Sara Khan,Female,33,Student,29-10-24 6:15,29-10-24 8:30,1550,Faisalabad,Lahore
19,820,Ahmed Malik,Female,16,Doctor,29-10-24 6:15,29-10-24 8:30,1550,Lahore,Faisalabad
19,821,Sara Sheikh,Female,65,Businessperson,29-10-24 6:15,29-10-24 8:30,1550,Lahore,Faisalabad
19,822,Zain Khan,Male,44,Student,29-10-24 6:15,29-10-24 8:30,1550,Faisalabad,Lahore
19,823,Ahmed Khan,Male,44,Businessperson,29-10-24 6:15,29-10-24 8:30,1550,Lahore,Faisalabad
19,824,Zain Bhatti,Female,53,Businessperson,29-10-24 6:15,29-10-24 8:30,1550,Lahore,Faisalabad
19,825,Fatima Bhatti,Female,61,Student,29-10-24 6:15,29-10-24 8:30,1550,Lahore,Faisalabad
19,826,Sara Khan,Male,29,Teacher,29-10-24 6:15,29-10-24 8:30,1550,Faisalabad,Lahore
19,827,Fatima Jutt,Female,54,Student,29-10-24 6:15,29-10-24 8:30,1550,Lahore,Faisalabad
19,828,Zain Jutt,Male,72,Student,29-10-24 6:15,29-10-24 8:30,1550,Faisalabad,Lahore
19,829,Zain Jutt,Female,57,Student,29-10-24 6:15,29-10-24 8:30,1550,Lahore,Faisalabad
19,830,Fatima Bhatti,Female,71,Doctor,29-10-24 6:15,29-10-24 8:30,1550,Lahore,Faisalabad
19,831,Ali Jutt,Male,70,Teacher,29-10-24 6:15,29-10-24 8:30,1550,Faisalabad,Lahore
19,832,Fatima Bhatti,Male,13,Teacher,29-10-24 6:15,29-10-24 8:30,1550,Lahore,Faisalabad
19,833,Fatima Malik,Male,22,Engineer,29-10-24 6:15,29-10-24 8:30,1550,Faisalabad,Lahore
19,834,Fatima Khan,Female,33,Engineer,29-10-24 6:15,29-10-24 8:30,1550,Faisalabad,Lahore
19,835,Zain Bhatti,Female,38,Student,29-10-24 6:15,29-10-24 8:30,1550,Faisalabad,Lahore
19,836,Ahmed Malik,Female,68,Doctor,29-10-24 6:15,29-10-24 8:30,1550,Lahore,Faisalabad
20,837,Sara Khan,Female,79,Businessperson,29-10-24 9:00,29-10-24 11:15,1550,Faisalabad,Lahore
20,838,Ali Bhatti,Female,76,Student,29-10-24 9:00,29-10-24 11:15,1550,Lahore,Faisalabad
20,839,Zain Malik,Male,57,Businessperson,29-10-24 9:00,29-10-24 11:15,1550,Faisalabad,Lahore
20,840,Zain Khan,Male,77,Doctor,29-10-24 9:00,29-10-24 11:15,1550,Lahore,Faisalabad
20,841,Sara Bhatti,Male,57,Student,29-10-24 9:00,29-10-24 11:15,1550,Lahore,Faisalabad
20,842,Zain Malik,Male,28,Engineer,29-10-24 9:00,29-10-24 11:15,1550,Faisalabad,Lahore
20,843,Ahmed Malik,Female,31,Doctor,29-10-24 9:00,29-10-24 11:15,1550,Lahore,Faisalabad
20,844,Zain Khan,Female,63,Businessperson,29-10-24 9:00,29-10-24 11:15,1550,Lahore,Faisalabad
20,845,Ahmed Jutt,Female,73,Engineer,29-10-24 9:00,29-10-24 11:15,1550,Lahore,Faisalabad
20,846,Ali Jutt,Female,55,Teacher,29-10-24 9:00,29-10-24 11:15,1550,Lahore,Faisalabad
20,847,Sara Jutt,Female,50,Engineer,29-10-24 9:00,29-10-24 11:15,1550,Lahore,Faisalabad
20,848,Ahmed Malik,Female,53,Businessperson,29-10-24 9:00,29-10-24 11:15,1550,Faisalabad,Lahore
20,849,Fatima Malik,Female,57,Doctor,29-10-24 9:00,29-10-24 11:15,1550,Lahore,Faisalabad
20,850,Fatima Khan,Male,68,Engineer,29-10-24 9:00,29-10-24 11:15,1550,Lahore,Faisalabad
20,851,Zain Jutt,Female,18,Businessperson,29-10-24 9:00,29-10-24 11:15,1550,Faisalabad,Lahore
20,852,Fatima Khan,Male,19,Teacher,29-10-24 9:00,29-10-24 11:15,1550,Lahore,Faisalabad
20,853,Zain Sheikh,Female,64,Engineer,29-10-24 9:00,29-10-24 11:15,1550,Lahore,Faisalabad
20,854,Ahmed Bhatti,Female,43,Doctor,29-10-24 9:00,29-10-24 11:15,1550,Lahore,Faisalabad
20,855,Ali Jutt,Female,53,Teacher,29-10-24 9:00,29-10-24 11:15,1550,Faisalabad,Lahore
20,856,Ahmed Khan,Male,57,Student,29-10-24 9:00,29-10-24 11:15,1550,Lahore,Faisalabad
20,857,Ahmed Bhatti,Female,9,Teacher,29-10-24 9:00,29-10-24 11:15,1550,Faisalabad,Lahore
20,858,Sara Bhatti,Female,5,Engineer,29-10-24 9:00,29-10-24 11:15,1550,Faisalabad,Lahore
20,859,Ali Jutt,Male,53,Doctor,29-10-24 9:00,29-10-24 11:15,1550,Faisalabad,Lahore
20,860,Zain Sheikh,Male,55,Teacher,29-10-24 9:00,29-10-24 11:15,1550,Faisalabad,Lahore
20,861,Fatima Khan,Female,51,Doctor,29-10-24 9:00,29-10-24 11:15,1550,Lahore,Faisalabad
20,862,Sara Sheikh,Female,48,Student,29-10-24 9:00,29-10-24 11:15,1550,Lahore,Faisalabad
20,863,Sara Malik,Male,45,Teacher,29-10-24 9:00,29-10-24 11:15,1550,Faisalabad,Lahore
20,864,Ahmed Malik,Male,37,Doctor,29-10-24 9:00,29-10-24 11:15,1550,Faisalabad,Lahore
20,865,Fatima Khan,Female,51,Student,29-10-24 9:00,29-10-24 11:15,1550,Lahore,Faisalabad
20,866,Ali Malik,Female,17,Engineer,29-10-24 9:00,29-10-24 11:15,1550,Faisalabad,Lahore
20,867,Fatima Sheikh,Female,32,Businessperson,29-10-24 9:00,29-10-24 11:15,1550,Lahore,Faisalabad
20,868,Ahmed Malik,Male,12,Teacher,29-10-24 9:00,29-10-24 11:15,1550,Faisalabad,Lahore
20,869,Fatima Bhatti,Male,18,Engineer,29-10-24 9:00,29-10-24 11:15,1550,Faisalabad,Lahore
20,870,Ahmed Sheikh,Male,7,Engineer,29-10-24 9:00,29-10-24 11:15,1550,Lahore,Faisalabad
20,871,Fatima Sheikh,Male,54,Teacher,29-10-24 9:00,29-10-24 11:15,1550,Faisalabad,Lahore
20,872,Ahmed Malik,Male,8,Engineer,29-10-24 9:00,29-10-24 11:15,1550,Faisalabad,Lahore
20,873,Zain Bhatti,Male,33,Teacher,29-10-24 9:00,29-10-24 11:15,1550,Faisalabad,Lahore
20,874,Ali Jutt,Male,61,Businessperson,29-10-24 9:00,29-10-24 11:15,1550,Lahore,Faisalabad
20,875,Sara Jutt,Male,68,Doctor,29-10-24 9:00,29-10-24 11:15,1550,Lahore,Faisalabad
20,876,Zain Sheikh,Female,58,Businessperson,29-10-24 9:00,29-10-24 11:15,1550,Lahore,Faisalabad
20,877,Ali Jutt,Female,14,Student,29-10-24 9:00,29-10-24 11:15,1550,Lahore,Faisalabad
20,878,Sara Bhatti,Female,50,Teacher,29-10-24 9:00,29-10-24 11:15,1550,Lahore,Faisalabad
20,879,Ahmed Bhatti,Male,65,Engineer,29-10-24 9:00,29-10-24 11:15,1550,Lahore,Faisalabad
20,880,Ahmed Sheikh,Female,60,Doctor,29-10-24 9:00,29-10-24 11:15,1550,Faisalabad,Lahore
